institution;period;euro;doi;is_hybrid
UMC Utrecht;2024;1.851,30;10.1016/j.phro.2023.100489;FALSE
UMC Utrecht;2019;1.258,40;10.1042/BSR20182345;FALSE
UMC Utrecht;2024;3.315,40;10.1182/bloodadvances.2023011013;FALSE
UMC Utrecht;2024;3.315,40;10.1182/bloodadvances.2023011477;FALSE
UMC Utrecht;2024;3.200,45;10.1186/S12864-024-10625-3;FALSE
UMC Utrecht;2024;3.200,45;10.1186/S13244-024-01714-8;FALSE
UMC Utrecht;2021;3.150,84;10.5194/gmd-14-2443-2021;FALSE
UMC Utrecht;2024;1.410,34;10.5334/pme.1198;FALSE
UMC Utrecht;2024;3.120,42;10.1002/JEV2.70017;FALSE
UMC Utrecht;2024;2.400,00;10.1002/UEG2.12670;FALSE
UMC Utrecht;2024;3.182,30;10.1002/ADPR.202400068;FALSE
UMC Utrecht;2019;1.789,78;10.1002/brb3.1269;FALSE
UMC Utrecht;2023;3.080,00;10.1002/cam4.5956;FALSE
UMC Utrecht;2023;3.080,00;10.1002/cam4.6223;FALSE
UMC Utrecht;2022;1.020,00;10.1002/ccr3.5637;FALSE
UMC Utrecht;2021;2.500,00;10.1002/clt2.12011;FALSE
UMC Utrecht;2024;3.070,00;10.1002/clt2.12381;FALSE
UMC Utrecht;2023;1.808,00;10.1002/edm2.416;FALSE
UMC Utrecht;2020;2.420,00;10.1002/ehf2.12699;FALSE
UMC Utrecht;2022;3.200,00;10.1002/hbm.26040;FALSE
UMC Utrecht;2020;1.338,00;10.1002/hsr2.168;FALSE
UMC Utrecht;2022;2.480,50;10.1002/hsr2.764;FALSE
UMC Utrecht;2019;1.916,51;10.1002/iid3.242;FALSE
UMC Utrecht;2020;1.309,00;10.1002/iid3.288;FALSE
UMC Utrecht;2023;1.890,00;10.1002/jev2.12389;FALSE
UMC Utrecht;2023;3.078,24;10.1002/jex2.123;FALSE
UMC Utrecht;2024;2.544,00;10.1002/jex2.138;FALSE
UMC Utrecht;2023;2.565,20;10.1002/jex2.91;FALSE
UMC Utrecht;2022;950;10.1002/jha2.524;FALSE
UMC Utrecht;2023;1.386,00;10.1002/jha2.824;FALSE
UMC Utrecht;2024;1.386,00;10.1002/jha2.918;FALSE
UMC Utrecht;2022;1.016,40;10.1002/jmd2.12348;FALSE
UMC Utrecht;2019;1.800,68;10.1002/jsp2.1071;FALSE
UMC Utrecht;2022;2.478,00;10.1002/jsp2.1219;FALSE
UMC Utrecht;2023;2.498,65;10.1002/jsp2.1273;FALSE
UMC Utrecht;2023;2.376,00;10.1002/jvc2.103;FALSE
UMC Utrecht;2023;2.508,00;10.1002/lio2.1108;FALSE
UMC Utrecht;2020;1.893,65;10.1002/lio2.371;FALSE
UMC Utrecht;2024;2.472,00;10.1002/lrh2.10414;FALSE
UMC Utrecht;2020;1.825,00;10.1002/prp2.627;FALSE
UMC Utrecht;2024;2.580,00;10.1002/rfc2.72;FALSE
UMC Utrecht;2022;1.353,00;10.1002/rth2.12809;FALSE
UMC Utrecht;2021;1.936,00;10.1002/vms3.679;FALSE
UMC Utrecht;2023;3.165,36;10.1002/vzj2.20304;FALSE
UMC Utrecht;2024;2.353,45;10.1007/S13201-024-02130-5;FALSE
UMC Utrecht;2024;1.324,95;10.1007/S43621-024-00284-5;FALSE
UMC Utrecht;2024;1.324,95;10.1007/S43621-024-00760-Y;FALSE
UMC Utrecht;2021;1.300,75;10.1007/s43939-021-00009-9;FALSE
UMC Utrecht;2022;1.851,30;10.1016/j.ctro.2022.03.008;FALSE
UMC Utrecht;2019;1.827,10;10.1016/j.envint.2019.04.069;FALSE
UMC Utrecht;2019;1.827,10;10.1016/j.envint.2019.104934;FALSE
UMC Utrecht;2020;1.827,10;10.1016/j.envint.2019.105256;FALSE
UMC Utrecht;2022;1.815,00;10.1016/j.heliyon.2022.e08957;FALSE
UMC Utrecht;2023;1.270,50;10.1016/j.hydroa.2022.100137;FALSE
UMC Utrecht;2019;3.133,90;10.1016/j.isci.2019.02.029;FALSE
UMC Utrecht;2023;3.085,50;10.1016/j.jbc.2023.104874;FALSE
UMC Utrecht;2023;3.085,50;10.1016/j.jbc.2023.105047;FALSE
UMC Utrecht;2024;2.534,43;10.1016/j.jbc.2024.105683;FALSE
UMC Utrecht;2021;1.324,95;10.1016/j.mcpro.2021.100070;FALSE
UMC Utrecht;2023;2.534,43;10.1016/j.mcpro.2023.100585;FALSE
UMC Utrecht;2023;2.534,43;10.1016/j.mcpro.2023.100594;FALSE
UMC Utrecht;2024;2.534,43;10.1016/j.mcpro.2023.100657;FALSE
UMC Utrecht;2024;2.534,43;10.1016/j.mcpro.2023.100690;FALSE
UMC Utrecht;2024;2.534,43;10.1016/j.mcpro.2023.100696;FALSE
UMC Utrecht;2024;2.534,43;10.1016/j.mcpro.2024.100757;FALSE
UMC Utrecht;2019;3.027,50;10.1016/j.omtn.2019.08.025;FALSE
UMC Utrecht;2020;1.262,03;10.1016/j.phro.2020.02.003;FALSE
UMC Utrecht;2022;2.480,50;10.1016/j.rpth.2022.100011;FALSE
UMC Utrecht;2023;1.787,78;10.1016/j.rpth.2023.100051;FALSE
UMC Utrecht;2023;2.383,70;10.1016/j.rpth.2023.100074;FALSE
UMC Utrecht;2023;1.406,63;10.1021/acsomega.2c07418;FALSE
UMC Utrecht;2020;2.379,16;10.1029/2019MS001796;FALSE
UMC Utrecht;2021;1.314,00;10.1029/2020EF001869;FALSE
UMC Utrecht;2024;2.395,80;10.1029/2023EF004188;FALSE
UMC Utrecht;2023;2.300,00;10.1029/2023GC010989;FALSE
UMC Utrecht;2024;2.516,80;10.1029/2024EF004741;FALSE
UMC Utrecht;2023;1.335,84;10.1037/tmb0000110;FALSE
UMC Utrecht;2024;1.338,86;10.1037/tmb0000131;FALSE
UMC Utrecht;2020;3.180,00;10.1038/s41377-020-00346-z;FALSE
UMC Utrecht;2022;3.090,00;10.1038/s41377-022-01028-8;FALSE
UMC Utrecht;2021;3.170,00;10.1038/s41398-021-01325-7;FALSE
UMC Utrecht;2020;3.242,80;10.1038/s41522-020-00163-7;FALSE
UMC Utrecht;2022;1.335,00;10.1038/s41536-021-00203-6;FALSE
UMC Utrecht;2022;2.426,05;10.1038/s41538-022-00175-x;FALSE
UMC Utrecht;2022;2.359,50;10.1038/s41539-022-00122-1;FALSE
UMC Utrecht;2022;2.359,50;10.1038/s41539-022-00122-1;FALSE
UMC Utrecht;2023;2.595,45;10.1038/s41539-023-00189-4;FALSE
UMC Utrecht;2020;1.899,70;10.1038/s41597-020-0551-2;FALSE
UMC Utrecht;2022;1.790,00;10.1038/s41597-022-01173-0;FALSE
UMC Utrecht;2023;2.353,45;10.1038/s41597-023-02438-y;FALSE
UMC Utrecht;2019;1.326,16;10.1038/s41598-019-38933-9;FALSE
UMC Utrecht;2019;1.802,90;10.1038/s41598-019-40098-4;FALSE
UMC Utrecht;2019;1.802,90;10.1038/s41598-019-40208-2;FALSE
UMC Utrecht;2019;1.802,90;10.1038/s41598-019-41090-8;FALSE
UMC Utrecht;2019;1.802,90;10.1038/s41598-019-41214-0;FALSE
UMC Utrecht;2019;1.802,90;10.1038/s41598-019-41246-6;FALSE
UMC Utrecht;2019;1.802,90;10.1038/s41598-019-41350-7;FALSE
UMC Utrecht;2019;1.802,90;10.1038/s41598-019-41657-5;FALSE
UMC Utrecht;2019;1.802,90;10.1038/s41598-019-43260-0;FALSE
UMC Utrecht;2019;1.802,90;10.1038/s41598-019-44133-2;FALSE
UMC Utrecht;2019;1.788,00;10.1038/s41598-019-45327-4;FALSE
UMC Utrecht;2019;1.802,90;10.1038/s41598-019-48382-z;FALSE
UMC Utrecht;2019;1.802,90;10.1038/s41598-019-51109-9;FALSE
UMC Utrecht;2019;1.802,90;10.1038/s41598-019-51232-7;FALSE
UMC Utrecht;2019;1.802,90;10.1038/s41598-019-54919-z;FALSE
UMC Utrecht;2019;1.802,90;10.1038/s41598-019-55018-9;FALSE
UMC Utrecht;2019;1.802,90;10.1038/s41598-019-56435-6;FALSE
UMC Utrecht;2020;1.899,70;10.1038/s41598-020-58535-0;FALSE
UMC Utrecht;2020;1.899,70;10.1038/s41598-020-62152-2;FALSE
UMC Utrecht;2020;1.899,70;10.1038/s41598-020-62165-x;FALSE
UMC Utrecht;2020;1.884,00;10.1038/s41598-020-62626-3;FALSE
UMC Utrecht;2020;1.899,70;10.1038/s41598-020-67603-4;FALSE
UMC Utrecht;2020;1.899,70;10.1038/s41598-020-70790-9;FALSE
UMC Utrecht;2020;1.899,70;10.1038/s41598-020-71016-8;FALSE
UMC Utrecht;2020;1.899,70;10.1038/s41598-020-71563-0;FALSE
UMC Utrecht;2020;1.899,70;10.1038/s41598-020-73215-9;FALSE
UMC Utrecht;2020;1.899,70;10.1038/s41598-020-73314-7;FALSE
UMC Utrecht;2020;1.899,70;10.1038/s41598-020-75179-2;FALSE
UMC Utrecht;2020;1.899,70;10.1038/s41598-020-76930-5;FALSE
UMC Utrecht;2020;1.899,70;10.1038/s41598-020-79160-x;FALSE
UMC Utrecht;2021;1.899,70;10.1038/s41598-020-79160-x;FALSE
UMC Utrecht;2021;1.884,00;10.1038/s41598-020-79890-y;FALSE
UMC Utrecht;2020;1.899,70;10.1038/s41598-020-80286-1;FALSE
UMC Utrecht;2021;1.899,70;10.1038/s41598-020-80363-5;FALSE
UMC Utrecht;2022;1.790,00;10.1038/s41598-022-06646-1;FALSE
UMC Utrecht;2022;1.790,00;10.1038/s41598-022-07331-z;FALSE
UMC Utrecht;2022;1.790,00;10.1038/s41598-022-08004-7;FALSE
UMC Utrecht;2022;1.790,00;10.1038/s41598-022-09225-6;FALSE
UMC Utrecht;2022;1.790,00;10.1038/s41598-022-09775-9;FALSE
UMC Utrecht;2022;2.353,45;10.1038/s41598-022-13446-0;FALSE
UMC Utrecht;2022;2.353,45;10.1038/s41598-022-14891-7;FALSE
UMC Utrecht;2022;2.353,45;10.1038/s41598-022-15993-y;FALSE
UMC Utrecht;2022;2.353,45;10.1038/s41598-022-18819-z;FALSE
UMC Utrecht;2022;2.353,45;10.1038/s41598-022-19246-w;FALSE
UMC Utrecht;2022;2.353,45;10.1038/s41598-022-20344-y;FALSE
UMC Utrecht;2022;2.353,45;10.1038/s41598-022-20661-2;FALSE
UMC Utrecht;2022;2.353,45;10.1038/s41598-022-22351-5;FALSE
UMC Utrecht;2022;2.353,45;10.1038/s41598-022-25240-z;FALSE
UMC Utrecht;2023;2.353,45;10.1038/s41598-022-25575-7;FALSE
UMC Utrecht;2022;2.353,45;10.1038/s41598-022-26551-x;FALSE
UMC Utrecht;2023;2.595,45;10.1038/s41598-023-27899-4;FALSE
UMC Utrecht;2023;2.595,45;10.1038/s41598-023-28132-y;FALSE
UMC Utrecht;2023;2.595,45;10.1038/s41598-023-28970-w;FALSE
UMC Utrecht;2023;2.595,45;10.1038/s41598-023-31416-y;FALSE
UMC Utrecht;2023;2.595,45;10.1038/s41598-023-32740-z;FALSE
UMC Utrecht;2023;2.595,45;10.1038/s41598-023-32980-z;FALSE
UMC Utrecht;2023;2.595,45;10.1038/s41598-023-34402-6;FALSE
UMC Utrecht;2023;2.595,45;10.1038/s41598-023-34620-y;FALSE
UMC Utrecht;2023;2.595,45;10.1038/s41598-023-35799-w;FALSE
UMC Utrecht;2023;2.595,45;10.1038/s41598-023-36715-y;FALSE
UMC Utrecht;2023;3.140,49;10.1038/s41598-023-37052-w;FALSE
UMC Utrecht;2023;2.595,45;10.1038/s41598-023-38880-6;FALSE
UMC Utrecht;2021;1.095,00;10.1038/s41698-021-00168-1;FALSE
UMC Utrecht;2021;2.490,00;10.1038/s41746-021-00404-9;FALSE
UMC Utrecht;2021;1.015,00;10.1038/s41746-021-00549-7;FALSE
UMC Utrecht;2019;2.570,00;10.1038/s42003-019-0570-8;FALSE
UMC Utrecht;2020;3.242,80;10.1038/s42003-020-1064-4;FALSE
UMC Utrecht;2020;3.242,80;10.1038/s42003-020-1107-x;FALSE
UMC Utrecht;2021;3.242,80;10.1038/s42003-021-01708-y;FALSE
UMC Utrecht;2021;3.242,80;10.1038/s42003-021-02019-y;FALSE
UMC Utrecht;2021;3.242,80;10.1038/s42003-021-02364-y;FALSE
UMC Utrecht;2021;3.242,80;10.1038/s42003-021-02432-3;FALSE
UMC Utrecht;2021;3.242,80;10.1038/s42003-021-02555-7;FALSE
UMC Utrecht;2020;3.242,80;10.1038/s42004-020-00417-7;FALSE
UMC Utrecht;2020;3.242,80;10.1038/s42004-020-0275-4;FALSE
UMC Utrecht;2021;3.109,70;10.1038/s43246-021-00154-x;FALSE
UMC Utrecht;2023;3.200,45;10.1038/s43247-023-01090-z;FALSE
UMC Utrecht;2023;1.349,15;10.1038/s44168-023-00033-w;FALSE
UMC Utrecht;2024;1.318,90;10.1038/S44168-024-00098-1;FALSE
UMC Utrecht;2024;1.385,45;10.1038/S44168-024-00137-X;FALSE
UMC Utrecht;2024;3.079,45;10.1038/S44259-024-00044-5;FALSE
UMC Utrecht;2019;1.305,00;10.1038/sdata.2018.162;FALSE
UMC Utrecht;2023;1.173,52;10.1039/D3RA01029E;FALSE
UMC Utrecht;2024;2.443,57;10.1039/D4MA00539B;FALSE
UMC Utrecht;2021;1.282,60;10.1057/s41599-021-00763-4;FALSE
UMC Utrecht;2021;1.324,95;10.1074/mcp.RA120.002232;FALSE
UMC Utrecht;2021;1.276,55;10.1080/01652176.2021.1923085;FALSE
UMC Utrecht;2022;1.101,10;10.1080/02673843.2022.2106144;FALSE
UMC Utrecht;2022;1.060,00;10.1080/11287462.2022.2052603;FALSE
UMC Utrecht;2020;1.936,00;10.1080/16000889.2020.1823733;FALSE
UMC Utrecht;2022;1.403,60;10.1080/16549716.2022.2114146;FALSE
UMC Utrecht;2021;2.595,00;10.1080/19490976.2021.1966278;FALSE
UMC Utrecht;2023;1.025,48;10.1080/20008066.2023.2197697;FALSE
UMC Utrecht;2024;1.025,48;10.1080/20008066.2024.2381368;FALSE
UMC Utrecht;2024;1.025,48;10.1080/20008066.2024.2383525;FALSE
UMC Utrecht;2024;1.025,48;10.1080/20008066.2024.2398354;FALSE
UMC Utrecht;2021;929,89;10.1080/20008198.2021.1956793;FALSE
UMC Utrecht;2022;929,89;10.1080/20008198.2022.2068912;FALSE
UMC Utrecht;2020;2.335,30;10.1080/20013078.2020.1764213;FALSE
UMC Utrecht;2020;1.863,40;10.1080/20013078.2020.1798606;FALSE
UMC Utrecht;2020;1.325,00;10.1080/20016689.2019.1697558;FALSE
UMC Utrecht;2024;2.520,00;10.1080/20523211.2023.2290100;FALSE
UMC Utrecht;2024;2.320,00;10.1080/20523211.2024.2312382;FALSE
UMC Utrecht;2024;2.320,00;10.1080/20523211.2024.2372033;FALSE
UMC Utrecht;2021;961,95;10.1080/22221751.2021.2011625;FALSE
UMC Utrecht;2020;1.873,69;10.1088/1367-2630/abbae9;FALSE
UMC Utrecht;2021;2.541,73;10.1088/1748-9326/ac3db2;FALSE
UMC Utrecht;2022;2.353,45;10.1088/1748-9326/ac68f7;FALSE
UMC Utrecht;2022;2.353,45;10.1088/1748-9326/ac740a;FALSE
UMC Utrecht;2024;2.315,00;10.1088/1748-9326/ad4375;FALSE
UMC Utrecht;2023;2.310,00;10.1093/bjsopen/zrad057;FALSE
UMC Utrecht;2023;2.310,00;10.1093/bjsopen/zrad066;FALSE
UMC Utrecht;2023;3.064,00;10.1093/braincomms/fcac269;FALSE
UMC Utrecht;2023;3.064,00;10.1093/braincomms/fcac302;FALSE
UMC Utrecht;2023;3.064,00;10.1093/braincomms/fcac324;FALSE
UMC Utrecht;2024;3.064,00;10.1093/braincomms/fcad013;FALSE
UMC Utrecht;2021;2.573,00;10.1093/ckj/sfab194;FALSE
UMC Utrecht;2023;3.061,30;10.1093/gbe/evad017;FALSE
UMC Utrecht;2023;1.825,00;10.1093/isagsq/ksad035;FALSE
UMC Utrecht;2024;2.395,80;10.1093/ismeco/ycae034;FALSE
UMC Utrecht;2020;1.200,00;10.1093/jncics/pkaa104;FALSE
UMC Utrecht;2021;1.200,00;10.1093/jncics/pkab047;FALSE
UMC Utrecht;2022;3.265,00;10.1093/pnasnexus/pgac260;FALSE
UMC Utrecht;2024;3.053,54;10.1093/pnasnexus/pgae470;FALSE
UMC Utrecht;2023;1.787,90;10.1093/qopen/qoad014;FALSE
UMC Utrecht;2020;2.532,00;10.1093/rap/rkaa021;FALSE
UMC Utrecht;2022;1.891,00;10.1093/schizbullopen/sgac055;FALSE
UMC Utrecht;2021;1.219,68;10.1097/EE9.0000000000000162;FALSE
UMC Utrecht;2023;1.121,08;10.1097/EE9.0000000000000272;FALSE
UMC Utrecht;2021;1.200,00;10.1097/HS9.0000000000000679;FALSE
UMC Utrecht;2023;1.200,00;10.1097/XCE.0000000000000278;FALSE
UMC Utrecht;2019;1.306,80;10.1098/rsos.190452;FALSE
UMC Utrecht;2020;1.268,54;10.1098/rsos.192079;FALSE
UMC Utrecht;2022;1.851,30;10.1099/mgen.0.000856;FALSE
UMC Utrecht;2022;2.505,43;10.1099/mgen.0.000934;FALSE
UMC Utrecht;2023;2.464,39;10.1099/mgen.0.001007;FALSE
UMC Utrecht;2024;2.478,00;10.1099/mgen.0.001193;FALSE
UMC Utrecht;2019;1.794,63;10.1103/PhysRevPhysEducRes.15.020123;FALSE
UMC Utrecht;2021;1.339,88;10.1103/PhysRevPhysEducRes.17.023101;FALSE
UMC Utrecht;2021;1.032,50;10.1103/PhysRevResearch.3.013206;FALSE
UMC Utrecht;2021;1.300,43;10.1103/PhysRevResearch.3.043103;FALSE
UMC Utrecht;2021;1.300,44;10.1103/PhysRevResearch.3.043104;FALSE
UMC Utrecht;2023;2.372,69;10.1103/PhysRevResearch.5.033128;FALSE
UMC Utrecht;2024;3.051,45;10.1103/PhysRevResearch.6.023202;FALSE
UMC Utrecht;2021;1.792,21;10.1109/ACCESS.2020.3037531;FALSE
UMC Utrecht;2024;3.228,00;10.1111/acel.14167;FALSE
UMC Utrecht;2022;1.884,00;10.1111/csp2.12699;FALSE
UMC Utrecht;2019;1.859,00;10.1111/gcbb.12659;FALSE
UMC Utrecht;2021;1.859,00;10.1111/gcbb.12867;FALSE
UMC Utrecht;2020;3.127,85;10.1111/jcmm.15355;FALSE
UMC Utrecht;2021;2.420,00;10.1111/jfr3.12727;FALSE
UMC Utrecht;2019;1.139,82;10.1111/jvim.15477;FALSE
UMC Utrecht;2019;942;10.1111/jvim.15536;FALSE
UMC Utrecht;2022;1.314,00;10.1111/jvim.16532;FALSE
UMC Utrecht;2024;1.314,00;10.1111/JVIM.17148;FALSE
UMC Utrecht;2023;1.116,00;10.1121/10.0017096;FALSE
UMC Utrecht;2023;2.506,90;10.1126/sciadv.adj9394;FALSE
UMC Utrecht;2020;1.058,00;10.1128/MRA.00079-20;FALSE
UMC Utrecht;2021;2.357,11;10.1128/mSystems.00152-21;FALSE
UMC Utrecht;2024;3.208,46;10.1128/msystems.00626-24;FALSE
UMC Utrecht;2023;2.340,00;10.1128/spectrum.01275-23;FALSE
UMC Utrecht;2023;1.925,70;10.1128/spectrum.02947-22;FALSE
UMC Utrecht;2023;3.270,00;10.1128/spectrum.04057-22;FALSE
UMC Utrecht;2019;1.812,82;10.1130/GES02164.1;FALSE
UMC Utrecht;2021;1.800,00;10.1136/bmjdrc-2020-001926;FALSE
UMC Utrecht;2023;1.800,00;10.1136/bmjdrc-2022-003025;FALSE
UMC Utrecht;2023;3.271,54;10.1136/bmjgh-2023-012309;FALSE
UMC Utrecht;2023;3.025,00;10.1136/bmjgh-2023-012376;FALSE
UMC Utrecht;2020;1.225,13;10.1136/bmjopen-2019-033228;FALSE
UMC Utrecht;2020;1.225,13;10.1136/bmjopen-2019-035101;FALSE
UMC Utrecht;2020;1.225,13;10.1136/bmjopen-2019-035928;FALSE
UMC Utrecht;2021;1.361,25;10.1136/bmjopen-2020-038881;FALSE
UMC Utrecht;2020;1.361,25;10.1136/bmjopen-2020-039913;FALSE
UMC Utrecht;2020;1.225,13;10.1136/bmjopen-2020-040712;FALSE
UMC Utrecht;2020;1.225,13;10.1136/bmjopen-2020-040988;FALSE
UMC Utrecht;2021;1.125,00;10.1136/bmjopen-2020-041673;FALSE
UMC Utrecht;2021;1.361,25;10.1136/bmjopen-2020-041715;FALSE
UMC Utrecht;2021;1.361,25;10.1136/bmjopen-2020-042406;FALSE
UMC Utrecht;2021;1.225,13;10.1136/bmjopen-2020-043288;FALSE
UMC Utrecht;2021;1.125,00;10.1136/bmjopen-2020-043290;FALSE
UMC Utrecht;2021;1.125,00;10.1136/bmjopen-2020-043961;FALSE
UMC Utrecht;2021;1.225,13;10.1136/bmjopen-2020-044505;FALSE
UMC Utrecht;2022;1.327,50;10.1136/bmjopen-2020-046321;FALSE
UMC Utrecht;2021;1.012,50;10.1136/bmjopen-2020-046330;FALSE
UMC Utrecht;2021;1.125,00;10.1136/bmjopen-2020-046366;FALSE
UMC Utrecht;2021;1.225,13;10.1136/bmjopen-2020-047186;FALSE
UMC Utrecht;2021;1.361,25;10.1136/bmjopen-2021-049133;FALSE
UMC Utrecht;2021;1.361,25;10.1136/bmjopen-2021-050108;FALSE
UMC Utrecht;2021;1.125,00;10.1136/bmjopen-2021-050519;FALSE
UMC Utrecht;2021;1.125,00;10.1136/bmjopen-2021-052128;FALSE
UMC Utrecht;2021;1.125,00;10.1136/bmjopen-2021-052553;FALSE
UMC Utrecht;2021;1.125,00;10.1136/bmjopen-2021-054115;FALSE
UMC Utrecht;2022;1.327,50;10.1136/bmjopen-2021-059549;FALSE
UMC Utrecht;2022;1.800,00;10.1136/bmjopen-2022-061829;FALSE
UMC Utrecht;2023;1.800,00;10.1136/bmjopen-2022-062071;FALSE
UMC Utrecht;2022;2.360,00;10.1136/bmjopen-2022-064172;FALSE
UMC Utrecht;2023;2.541,00;10.1136/bmjopen-2022-064335;FALSE
UMC Utrecht;2023;1.815,00;10.1136/bmjopen-2022-064445;FALSE
UMC Utrecht;2023;1.856,25;10.1136/bmjopen-2023-071598;FALSE
UMC Utrecht;2024;1.856,25;10.1136/bmjopen-2023-071598;FALSE
UMC Utrecht;2023;2.438,95;10.1136/bmjopen-2023-072309;FALSE
UMC Utrecht;2023;2.476,06;10.1136/bmjopen-2023-074176;FALSE
UMC Utrecht;2023;1.856,25;10.1136/bmjopen-2023-074984;FALSE
UMC Utrecht;2024;1.856,25;10.1136/bmjopen-2023-074984;FALSE
UMC Utrecht;2023;2.425,11;10.1136/bmjopen-2023-076946;FALSE
UMC Utrecht;2023;1.856,25;10.1136/bmjopen-2023-078021;FALSE
UMC Utrecht;2024;2.475,00;10.1136/bmjopen-2023-078231;FALSE
UMC Utrecht;2024;2.475,00;10.1136/bmjopen-2023-079018;FALSE
UMC Utrecht;2024;2.408,69;10.1136/bmjopen-2023-079778;FALSE
UMC Utrecht;2024;3.084,29;10.1136/bmjopen-2023-083578;FALSE
UMC Utrecht;2024;3.084,29;10.1136/bmjopen-2024-084483;FALSE
UMC Utrecht;2024;2.549,00;10.1136/bmjopen-2024-086208;FALSE
UMC Utrecht;2024;2.549,00;10.1136/bmjopen-2024-087272;FALSE
UMC Utrecht;2024;3.308,43;10.1136/bmjopen-2024-087970;FALSE
UMC Utrecht;2024;3.084,29;10.1136/bmjopen-2024-092165;FALSE
UMC Utrecht;2022;1.327,50;10.1136/bmjpo-2021-001373;FALSE
UMC Utrecht;2022;2.363,13;10.1136/jitc-2022-005345;FALSE
UMC Utrecht;2021;1.800,00;10.1136/openhrt-2020-001506;FALSE
UMC Utrecht;2021;1.800,00;10.1136/openhrt-2021-001766;FALSE
UMC Utrecht;2023;1.815,00;10.1136/openhrt-2022-002197;FALSE
UMC Utrecht;2023;1.869,45;10.1136/openhrt-2023-002273;FALSE
UMC Utrecht;2023;1.856,25;10.1136/openhrt-2023-002348;FALSE
UMC Utrecht;2020;2.400,00;10.1136/rmdopen-2020-001184;FALSE
UMC Utrecht;2021;2.323,20;10.1136/rmdopen-2021-002025;FALSE
UMC Utrecht;2023;1.856,25;10.1136/rmdopen-2023-002979;FALSE
UMC Utrecht;2023;1.869,45;10.1136/rmdopen-2023-003196;FALSE
UMC Utrecht;2024;1.856,25;10.1136/rmdopen-2023-003547;FALSE
UMC Utrecht;2020;1.905,75;10.1136/tsaco-2020-000593;FALSE
UMC Utrecht;2022;1.264,87;10.1155/2022/5473763;FALSE
UMC Utrecht;2020;1.283,00;10.1161/JAHA.119.014324;FALSE
UMC Utrecht;2022;2.335,20;10.1161/JAHA.121.025364;FALSE
UMC Utrecht;2023;1.790,40;10.1161/JAHA.123.029827;FALSE
UMC Utrecht;2024;991,2;10.1161/SVIN.124.001429;FALSE
UMC Utrecht;2024;1.841,52;10.1162/imag_a_00400;FALSE
UMC Utrecht;2023;1.850,00;10.1167/iovs.64.13.6;FALSE
UMC Utrecht;2020;1.925,11;10.1167/jov.20.10.16;FALSE
UMC Utrecht;2020;1.893,77;10.1167/jov.20.10.5;FALSE
UMC Utrecht;2020;1.884,82;10.1167/jov.20.9.1;FALSE
UMC Utrecht;2020;1.893,77;10.1167/jov.20.9.8;FALSE
UMC Utrecht;2021;1.846,76;10.1167/jov.21.7.6;FALSE
UMC Utrecht;2022;1.395,00;10.1167/jov.22.9.7;FALSE
UMC Utrecht;2022;1.395,00;10.1167/tvst.11.2.4;FALSE
UMC Utrecht;2022;1.395,00;10.1167/tvst.12.1.15;FALSE
UMC Utrecht;2020;1.850,00;10.1167/tvst.9.8.34;FALSE
UMC Utrecht;2024;945,52;10.1177/1098612X241231471;FALSE
UMC Utrecht;2021;957,36;10.1177/11786221211063849;FALSE
UMC Utrecht;2022;1.290,45;10.1177/16094069221077761;FALSE
UMC Utrecht;2021;1.304,00;10.1177/20406223211037868;FALSE
UMC Utrecht;2024;1.406,50;10.1177/20438087241272700;FALSE
UMC Utrecht;2022;1.057,44;10.1177/20539517221087855;FALSE
UMC Utrecht;2024;1.286,36;10.1177/20539517241232630;FALSE
UMC Utrecht;2024;1.205,02;10.1177/20539517241255101;FALSE
UMC Utrecht;2024;2.310,00;10.1183/13993003.00770-2023;FALSE
UMC Utrecht;2023;2.421,82;10.1186/s11689-023-09484-y;FALSE
UMC Utrecht;2020;1.300,75;10.1186/s12544-020-0400-6;FALSE
UMC Utrecht;2021;1.300,75;10.1186/s12544-021-00483-5;FALSE
UMC Utrecht;2021;1.845,00;10.1186/s12859-021-03958-3;FALSE
UMC Utrecht;2021;2.474,45;10.1186/s12859-021-04343-w;FALSE
UMC Utrecht;2022;2.345,00;10.1186/s12859-022-05130-x;FALSE
UMC Utrecht;2019;1.861,28;10.1186/s12864-019-5869-9;FALSE
UMC Utrecht;2022;1.804,72;10.1186/s12873-022-00715-4;FALSE
UMC Utrecht;2022;2.353,45;10.1186/s12873-022-00724-3;FALSE
UMC Utrecht;2023;2.474,45;10.1186/s12873-023-00800-2;FALSE
UMC Utrecht;2020;1.861,28;10.1186/s12875-019-1039-z;FALSE
UMC Utrecht;2020;1.861,28;10.1186/s12875-020-1088-3;FALSE
UMC Utrecht;2023;2.345,00;10.1186/s12875-023-02049-x;FALSE
UMC Utrecht;2022;2.345,00;10.1186/s12877-022-03592-5;FALSE
UMC Utrecht;2022;2.474,45;10.1186/s12879-021-06928-5;FALSE
UMC Utrecht;2022;1.831,50;10.1186/s12879-022-07904-3;FALSE
UMC Utrecht;2023;2.329,25;10.1186/s12882-020-02126-8;FALSE
UMC Utrecht;2021;2.474,45;10.1186/s12882-021-02265-6;FALSE
UMC Utrecht;2020;1.789,00;10.1186/s12883-020-01936-5;FALSE
UMC Utrecht;2021;1.789,00;10.1186/s12883-020-02004-8;FALSE
UMC Utrecht;2023;2.345,00;10.1186/s12883-023-03136-3;FALSE
UMC Utrecht;2021;1.861,28;10.1186/s12884-020-2816-3;FALSE
UMC Utrecht;2021;2.474,45;10.1186/s12884-021-03749-x;FALSE
UMC Utrecht;2022;1.916,50;10.1186/s12884-022-04675-2;FALSE
UMC Utrecht;2021;1.899,50;10.1186/s12885-021-08993-0;FALSE
UMC Utrecht;2022;1.899,50;10.1186/s12885-022-09231-x;FALSE
UMC Utrecht;2023;1.831,50;10.1186/s12886-023-02779-7;FALSE
UMC Utrecht;2022;2.318,97;10.1186/s12887-022-03173-w;FALSE
UMC Utrecht;2022;2.445,00;10.1186/s12888-022-04058-z;FALSE
UMC Utrecht;2022;2.524,67;10.1186/s12888-022-04320-4;FALSE
UMC Utrecht;2022;2.445,00;10.1186/s12888-022-04321-3;FALSE
UMC Utrecht;2022;2.524,67;10.1186/s12888-022-04327-x;FALSE
UMC Utrecht;2019;1.794,73;10.1186/s12889-019-6676-6;FALSE
UMC Utrecht;2019;1.861,28;10.1186/s12889-019-6908-9;FALSE
UMC Utrecht;2019;1.861,28;10.1186/s12889-019-7323-y;FALSE
UMC Utrecht;2022;2.421,82;10.1186/s12889-022-12508-2;FALSE
UMC Utrecht;2022;2.445,00;10.1186/s12889-022-12549-7;FALSE
UMC Utrecht;2022;3.079,45;10.1186/s12889-022-13977-1;FALSE
UMC Utrecht;2023;2.341,50;10.1186/s12889-023-16362-8;FALSE
UMC Utrecht;2023;2.421,82;10.1186/s12905-023-02288-1;FALSE
UMC Utrecht;2022;2.474,45;10.1186/s12909-022-03871-0;FALSE
UMC Utrecht;2023;2.421,82;10.1186/s12909-023-04805-0;FALSE
UMC Utrecht;2024;2.545,00;10.1186/S12909-024-05098-7;FALSE
UMC Utrecht;2020;1.393,32;10.1186/s12910-020-00524-z;FALSE
UMC Utrecht;2020;1.280,18;10.1186/s12910-020-00543-w;FALSE
UMC Utrecht;2021;1.151,50;10.1186/s12910-021-00588-5;FALSE
UMC Utrecht;2021;1.345,00;10.1186/s12910-021-00677-5;FALSE
UMC Utrecht;2021;1.789,00;10.1186/s12913-021-06121-z;FALSE
UMC Utrecht;2022;2.445,00;10.1186/s12913-022-08690-z;FALSE
UMC Utrecht;2022;2.345,00;10.1186/s12913-022-08724-6;FALSE
UMC Utrecht;2023;3.303,75;10.1186/s12913-023-09554-w;FALSE
UMC Utrecht;2022;3.045,00;10.1186/s12916-022-02300-9;FALSE
UMC Utrecht;2022;3.045,00;10.1186/s12916-022-02603-x;FALSE
UMC Utrecht;2022;3.141,77;10.1186/s12916-022-02625-5;FALSE
UMC Utrecht;2020;2.407,90;10.1186/s12917-020-02580-4;FALSE
UMC Utrecht;2021;1.126,21;10.1186/s12917-021-02971-1;FALSE
UMC Utrecht;2022;2.421,82;10.1186/s12917-022-03266-9;FALSE
UMC Utrecht;2022;2.524,67;10.1186/s12920-022-01343-4;FALSE
UMC Utrecht;2021;2.426,50;10.1186/s12933-021-01313-7;FALSE
UMC Utrecht;2021;2.421,82;10.1186/s12939-021-01522-2;FALSE
UMC Utrecht;2019;2.333,05;10.1186/s12940-019-0478-2;FALSE
UMC Utrecht;2022;3.200,45;10.1186/s12951-022-01506-6;FALSE
UMC Utrecht;2020;1.923,30;10.1186/s12962-020-00251-7;FALSE
UMC Utrecht;2020;2.421,82;10.1186/s12969-021-00540-2;FALSE
UMC Utrecht;2022;2.318,97;10.1186/s12969-022-00681-y;FALSE
UMC Utrecht;2022;1.916,50;10.1186/s12969-022-00762-y;FALSE
UMC Utrecht;2022;2.318,97;10.1186/s12969-022-00763-x;FALSE
UMC Utrecht;2023;2.421,82;10.1186/s12969-023-00896-7;FALSE
UMC Utrecht;2023;2.456,50;10.1186/s12974-023-02846-2;FALSE
UMC Utrecht;2020;2.534,95;10.1186/s12978-020-0878-3;FALSE
UMC Utrecht;2021;1.916,50;10.1186/s12978-021-01233-5;FALSE
UMC Utrecht;2019;1.861,28;10.1186/s12993-019-0152-4;FALSE
UMC Utrecht;2024;3.079,45;10.1186/S13007-024-01230-2;FALSE
UMC Utrecht;2022;2.474,45;10.1186/s13019-021-01713-6;FALSE
UMC Utrecht;2020;1.789,00;10.1186/s13023-020-1347-3;FALSE
UMC Utrecht;2020;1.789,00;10.1186/s13023-020-1348-2;FALSE
UMC Utrecht;2020;2.476,16;10.1186/s13028-020-0506-9;FALSE
UMC Utrecht;2022;1.340,75;10.1186/s13028-022-00648-9;FALSE
UMC Utrecht;2022;1.340,76;10.1186/s13028-022-00648-9;FALSE
UMC Utrecht;2022;2.345,00;10.1186/s13053-022-00238-w;FALSE
UMC Utrecht;2020;3.242,80;10.1186/s13054-020-03050-x;FALSE
UMC Utrecht;2020;2.333,00;10.1186/s13054-020-03066-3;FALSE
UMC Utrecht;2022;2.426,50;10.1186/s13058-022-01530-2;FALSE
UMC Utrecht;2019;2.371,50;10.1186/s13059-019-1817-x;FALSE
UMC Utrecht;2020;1.115,62;10.1186/s13063-020-04389-w;FALSE
UMC Utrecht;2020;1.907,57;10.1186/s13063-020-04546-1;FALSE
UMC Utrecht;2021;1.120,00;10.1186/s13063-021-05241-5;FALSE
UMC Utrecht;2021;1.907,57;10.1186/s13063-021-05878-2;FALSE
UMC Utrecht;2022;2.329,25;10.1186/s13063-022-06706-x;FALSE
UMC Utrecht;2022;1.925,00;10.1186/s13063-022-06806-8;FALSE
UMC Utrecht;2023;2.353,45;10.1186/s13063-022-06906-5;FALSE
UMC Utrecht;2020;2.474,45;10.1186/s13071-020-04376-9;FALSE
UMC Utrecht;2020;2.407,90;10.1186/s13071-020-04496-2;FALSE
UMC Utrecht;2022;2.318,97;10.1186/s13071-022-05195-w;FALSE
UMC Utrecht;2023;2.524,67;10.1186/s13071-023-05777-2;FALSE
UMC Utrecht;2020;1.899,50;10.1186/s13075-020-2143-0;FALSE
UMC Utrecht;2021;3.079,45;10.1186/s13075-021-02560-5;FALSE
UMC Utrecht;2022;3.079,45;10.1186/s13075-022-02751-8;FALSE
UMC Utrecht;2024;1.802,90;10.1186/S13104-024-06764-1;FALSE
UMC Utrecht;2022;2.473,24;10.1186/s13244-022-01265-w;FALSE
UMC Utrecht;2024;3.200,45;10.1186/S13244-024-01655-2;FALSE
UMC Utrecht;2020;947,5;10.1186/s13256-020-02501-x;FALSE
UMC Utrecht;2022;2.421,82;10.1186/s13287-022-03144-z;FALSE
UMC Utrecht;2024;3.200,45;10.1186/S13287-024-03881-3;FALSE
UMC Utrecht;2020;1.899,50;10.1186/s13550-020-0610-x;FALSE
UMC Utrecht;2021;2.345,00;10.1186/s13550-021-00866-8;FALSE
UMC Utrecht;2022;2.421,82;10.1186/s13550-022-00880-4;FALSE
UMC Utrecht;2020;1.881,55;10.1186/s13567-020-00849-y;FALSE
UMC Utrecht;2021;1.881,55;10.1186/s13567-021-00978-y;FALSE
UMC Utrecht;2022;1.881,55;10.1186/s13567-022-01026-z;FALSE
UMC Utrecht;2022;1.330,00;10.1186/s13567-022-01068-3;FALSE
UMC Utrecht;2022;1.916,50;10.1186/s13643-022-02053-9;FALSE
UMC Utrecht;2023;2.421,82;10.1186/s13643-023-02257-7;FALSE
UMC Utrecht;2024;2.458,12;10.1186/S13690-024-01281-W;FALSE
UMC Utrecht;2019;956,61;10.1186/s13705-019-0225-0;FALSE
UMC Utrecht;2020;1.899,50;10.1186/s13741-020-00152-6;FALSE
UMC Utrecht;2020;1.899,50;10.1186/s13756-020-00729-2;FALSE
UMC Utrecht;2020;1.899,50;10.1186/s13756-020-00775-w;FALSE
UMC Utrecht;2022;2.421,82;10.1186/s13756-021-01037-z;FALSE
UMC Utrecht;2023;2.545,00;10.1186/s13756-023-01211-5;FALSE
UMC Utrecht;2022;1.245,00;10.1186/s40359-022-00780-1;FALSE
UMC Utrecht;2019;1.122,28;10.1186/s40575-018-0068-6;FALSE
UMC Utrecht;2020;1.804,72;10.1186/s40634-020-00305-y;FALSE
UMC Utrecht;2020;1.266,25;10.1186/s40658-020-0283-6;FALSE
UMC Utrecht;2022;1.804,72;10.1186/s40658-022-00459-x;FALSE
UMC Utrecht;2022;1.790,00;10.1186/s40694-022-00134-x;FALSE
UMC Utrecht;2024;2.407,90;10.1186/s40793-024-00553-w;FALSE
UMC Utrecht;2023;1.907,57;10.1186/s40795-023-00757-2;FALSE
UMC Utrecht;2020;1.053,91;10.1186/s40878-020-0171-1;FALSE
UMC Utrecht;2021;1.053,91;10.1186/s40878-021-00270-0;FALSE
UMC Utrecht;2023;1.385,45;10.1186/s40878-023-00327-2;FALSE
UMC Utrecht;2024;1.923,90;10.1186/s40991-024-00088-w;FALSE
UMC Utrecht;2024;1.869,45;10.1186/S41235-024-00573-7;FALSE
UMC Utrecht;2020;1.241,60;10.1186/s41747-020-00157-2;FALSE
UMC Utrecht;2021;1.907,57;10.1186/s41824-021-00116-z;FALSE
UMC Utrecht;2021;1.034,55;10.1186/s42854-021-00023-3;FALSE
UMC Utrecht;2024;1.203,95;10.1186/S42854-023-00058-8;FALSE
UMC Utrecht;2020;3.200,00;10.1212/NXG.0000000000000386;FALSE
UMC Utrecht;2021;3.300,00;10.1212/NXG.0000000000000598;FALSE
UMC Utrecht;2024;2.564,34;10.1289/EHP15086;FALSE
UMC Utrecht;2022;2.429,36;10.1364/OE.461750;FALSE
UMC Utrecht;2024;1.903,37;10.1364/OE.513556;FALSE
UMC Utrecht;2023;1.092,00;10.1364/OPTCON.477703;FALSE
UMC Utrecht;2020;987;10.1364/OSAC.384832;FALSE
UMC Utrecht;2020;1.263,48;10.1364/OSAC.393842;FALSE
UMC Utrecht;2021;1.153,61;10.1364/OSAC.432780;FALSE
UMC Utrecht;2020;3.303,30;10.1371/journal.pbio.3000665;FALSE
UMC Utrecht;2020;3.056,46;10.1371/journal.pbio.3000904;FALSE
UMC Utrecht;2019;2.564,84;10.1371/journal.pcbi.1007301;FALSE
UMC Utrecht;2019;2.530,72;10.1371/journal.pcbi.1007333;FALSE
UMC Utrecht;2020;2.350,00;10.1371/journal.pcbi.1007992;FALSE
UMC Utrecht;2021;2.500,00;10.1371/journal.pcbi.1008600;FALSE
UMC Utrecht;2021;2.541,00;10.1371/journal.pcbi.1009208;FALSE
UMC Utrecht;2022;2.394,75;10.1371/journal.pcbi.1009875;FALSE
UMC Utrecht;2022;2.325,00;10.1371/journal.pcbi.1009955;FALSE
UMC Utrecht;2022;3.292,87;10.1371/journal.pcbi.1010612;FALSE
UMC Utrecht;2024;3.204,02;10.1371/journal.pcbi.1011860;FALSE
UMC Utrecht;2023;2.575,00;10.1371/journal.pdig.0000190;FALSE
UMC Utrecht;2023;2.575,00;10.1371/journal.pdig.0000192;FALSE
UMC Utrecht;2023;2.575,00;10.1371/journal.pdig.0000396;FALSE
UMC Utrecht;2020;1.794,59;10.1371/journal.pone.0236761;FALSE
UMC Utrecht;2021;1.929,95;10.1371/journal.pone.0241041;FALSE
UMC Utrecht;2021;1.394,99;10.1371/journal.pone.0241095;FALSE
UMC Utrecht;2022;1.261,08;10.1371/journal.pone.0245196;FALSE
UMC Utrecht;2021;1.798,85;10.1371/journal.pone.0253191;FALSE
UMC Utrecht;2021;1.798,85;10.1371/journal.pone.0255521;FALSE
UMC Utrecht;2022;1.833,55;10.1371/journal.pone.0256124;FALSE
UMC Utrecht;2022;1.875,03;10.1371/journal.pone.0260531;FALSE
UMC Utrecht;2021;1.063,09;10.1371/journal.pone.0261107;FALSE
UMC Utrecht;2021;1.868,69;10.1371/journal.pone.0261606;FALSE
UMC Utrecht;2022;1.894,08;10.1371/journal.pone.0264392;FALSE
UMC Utrecht;2022;1.023,00;10.1371/journal.pone.0264477;FALSE
UMC Utrecht;2022;1.894,08;10.1371/journal.pone.0264497;FALSE
UMC Utrecht;2023;1.805,00;10.1371/journal.pone.0279708;FALSE
UMC Utrecht;2023;1.805,00;10.1371/journal.pone.0280763;FALSE
UMC Utrecht;2023;1.805,00;10.1371/journal.pone.0283717;FALSE
UMC Utrecht;2023;1.805,00;10.1371/journal.pone.0284571;FALSE
UMC Utrecht;2023;1.805,00;10.1371/journal.pone.0284719;FALSE
UMC Utrecht;2023;1.805,00;10.1371/journal.pone.0284719;FALSE
UMC Utrecht;2023;1.805,00;10.1371/journal.pone.0286080;FALSE
UMC Utrecht;2023;1.931,00;10.1371/journal.pone.0290013;FALSE
UMC Utrecht;2023;1.805,00;10.1371/journal.pone.0290508;FALSE
UMC Utrecht;2023;1.931,00;10.1371/journal.pone.0292586;FALSE
UMC Utrecht;2023;1.931,00;10.1371/journal.pone.0294147;FALSE
UMC Utrecht;2023;1.931,00;10.1371/journal.pone.0294955;FALSE
UMC Utrecht;2024;1.833,17;10.1371/journal.pone.0295072;FALSE
UMC Utrecht;2023;1.879,53;10.1371/journal.pone.0296421;FALSE
UMC Utrecht;2024;1.799,79;10.1371/journal.pone.0302633;FALSE
UMC Utrecht;2019;2.516,50;10.1371/journal.ppat.1007566;FALSE
UMC Utrecht;2019;2.530,72;10.1371/journal.ppat.1007594;FALSE
UMC Utrecht;2019;2.550,62;10.1371/journal.ppat.1007860;FALSE
UMC Utrecht;2020;2.350,00;10.1371/journal.ppat.1008426;FALSE
UMC Utrecht;2020;2.500,00;10.1371/journal.ppat.1008606;FALSE
UMC Utrecht;2020;2.536,40;10.1371/journal.ppat.1008702;FALSE
UMC Utrecht;2020;2.559,15;10.1371/journal.ppat.1008816;FALSE
UMC Utrecht;2021;2.350,00;10.1371/journal.ppat.1009787;FALSE
UMC Utrecht;2023;3.145,42;10.1371/journal.ppat.1011582;FALSE
UMC Utrecht;2024;3.190,96;10.1371/journal.ppat.1012036;FALSE
UMC Utrecht;2024;3.210,63;10.1371/journal.ppat.1012133;FALSE
UMC Utrecht;2024;3.269,72;10.1371/journal.ppat.1012371;FALSE
UMC Utrecht;2020;2.420,00;10.14573/altex.2003301;FALSE
UMC Utrecht;2023;3.025,00;10.14573/altex.2304111;FALSE
UMC Utrecht;2020;1.205,00;10.14814/phy2.14593;FALSE
UMC Utrecht;2021;1.055,58;10.15195/v7.a18;FALSE
UMC Utrecht;2022;1.209,25;10.1525/collabra.38604;FALSE
UMC Utrecht;2023;1.118,40;10.1525/collabra.73066;FALSE
UMC Utrecht;2022;1.239,00;10.1530/EC-22-0276;FALSE
UMC Utrecht;2023;1.028,50;10.1556/2006.2023.00010;FALSE
UMC Utrecht;2019;1.028,50;10.1556/2006.8.2019.55;FALSE
UMC Utrecht;2020;1.089,00;10.17645/pag.v8i3.2804;FALSE
UMC Utrecht;2020;1.089,00;10.17645/si.v8i1.2434;FALSE
UMC Utrecht;2021;1.089,00;10.17645/up.v6i3.4613;FALSE
UMC Utrecht;2022;1.210,00;10.18564/jasss.4771;FALSE
UMC Utrecht;2022;1.210,00;10.18564/jasss.4789;FALSE
UMC Utrecht;2024;1.210,00;10.18564/jasss.5212;FALSE
UMC Utrecht;2024;1.210,00;10.18564/jasss.5340;FALSE
UMC Utrecht;2019;2.593,94;10.2136/vzj2018.07.0133;FALSE
UMC Utrecht;2019;2.530,72;10.2136/vzj2018.09.0167;FALSE
UMC Utrecht;2022;2.500,00;10.2147/PPA.S365624;FALSE
UMC Utrecht;2020;2.500,00;10.2196/17271;FALSE
UMC Utrecht;2020;1.016,50;10.2196/18023;FALSE
UMC Utrecht;2020;2.364,00;10.2196/18966;FALSE
UMC Utrecht;2022;1.863,82;10.2196/36797;FALSE
UMC Utrecht;2022;2.325,00;10.2196/41045;FALSE
UMC Utrecht;2023;1.792,25;10.2196/41095;FALSE
UMC Utrecht;2022;1.863,82;10.2196/41248;FALSE
UMC Utrecht;2022;2.487,75;10.2196/41297;FALSE
UMC Utrecht;2022;3.115,50;10.2196/41768;FALSE
UMC Utrecht;2019;2.541,00;10.26508/lsa.201800172;FALSE
UMC Utrecht;2020;3.070,98;10.26508/lsa.202000883;FALSE
UMC Utrecht;2022;1.398,73;10.3168/jds.2021-21756;FALSE
UMC Utrecht;2021;1.147,08;10.33265/polar.v40.7709;FALSE
UMC Utrecht;2023;955;10.3389/falgy.2023.1062049;FALSE
UMC Utrecht;2021;1.141,03;10.3389/fanim.2021.669692;FALSE
UMC Utrecht;2022;1.319,14;10.3389/fanim.2022.908513;FALSE
UMC Utrecht;2022;1.365,06;10.3389/fanim.2022.949080;FALSE
UMC Utrecht;2023;1.388,91;10.3389/fanim.2023.1056726;FALSE
UMC Utrecht;2023;1.402,63;10.3389/fanim.2023.1163062;FALSE
UMC Utrecht;2020;2.490,00;10.3389/fbioe.2020.00804;FALSE
UMC Utrecht;2020;1.273,57;10.3389/fbioe.2020.00972;FALSE
UMC Utrecht;2021;3.034,08;10.3389/fcell.2021.657366;FALSE
UMC Utrecht;2021;2.507,50;10.3389/fcell.2021.680902;FALSE
UMC Utrecht;2021;3.080,48;10.3389/fcell.2021.765673;FALSE
UMC Utrecht;2021;3.080,48;10.3389/fcell.2021.772254;FALSE
UMC Utrecht;2022;3.144,73;10.3389/fcell.2022.769862;FALSE
UMC Utrecht;2022;3.194,70;10.3389/fcell.2022.837405;FALSE
UMC Utrecht;2023;2.334,21;10.3389/fcell.2023.1333738;FALSE
UMC Utrecht;2020;1.850,00;10.3389/fcimb.2020.00309;FALSE
UMC Utrecht;2020;3.183,99;10.3389/fcimb.2020.00338;FALSE
UMC Utrecht;2020;3.276,80;10.3389/fcimb.2020.00338;FALSE
UMC Utrecht;2024;2.372,65;10.3389/fclim.2024.1358503;FALSE
UMC Utrecht;2021;948,34;10.3389/fcomm.2021.661801;FALSE
UMC Utrecht;2022;1.044,90;10.3389/fcomm.2022.816461;FALSE
UMC Utrecht;2022;1.089,73;10.3389/fcomm.2022.910023;FALSE
UMC Utrecht;2024;2.389,64;10.3389/fcosc.2024.1405392;FALSE
UMC Utrecht;2020;1.900,00;10.3389/fcvm.2020.00030;FALSE
UMC Utrecht;2021;2.490,00;10.3389/fcvm.2021.592362;FALSE
UMC Utrecht;2021;1.245,00;10.3389/fcvm.2021.631985;FALSE
UMC Utrecht;2021;1.150,00;10.3389/fcvm.2021.648349;FALSE
UMC Utrecht;2021;1.867,50;10.3389/fcvm.2021.658915;FALSE
UMC Utrecht;2021;2.490,00;10.3389/fcvm.2021.670843;FALSE
UMC Utrecht;2021;2.490,00;10.3389/fcvm.2021.693351;FALSE
UMC Utrecht;2021;2.490,00;10.3389/fcvm.2021.772803;FALSE
UMC Utrecht;2021;2.490,00;10.3389/fcvm.2021.802998;FALSE
UMC Utrecht;2022;2.315,70;10.3389/fcvm.2022.768847;FALSE
UMC Utrecht;2022;2.315,70;10.3389/fcvm.2022.768972;FALSE
UMC Utrecht;2022;2.315,70;10.3389/fcvm.2022.854314;FALSE
UMC Utrecht;2022;2.315,70;10.3389/fcvm.2022.926957;FALSE
UMC Utrecht;2022;2.315,70;10.3389/fcvm.2022.956538;FALSE
UMC Utrecht;2023;3.225,00;10.3389/fcvm.2023.1225543;FALSE
UMC Utrecht;2023;3.225,00;10.3389/fcvm.2023.1264449;FALSE
UMC Utrecht;2022;1.264,87;10.3389/fdata.2022.846930;FALSE
UMC Utrecht;2021;1.873,69;10.3389/fdgth.2020.564529;FALSE
UMC Utrecht;2020;1.921,96;10.3389/fdgth.2020.564529;FALSE
UMC Utrecht;2019;1.841,50;10.3389/feart.2019.00087;FALSE
UMC Utrecht;2020;3.069,77;10.3389/feart.2020.582060;FALSE
UMC Utrecht;2021;3.091,19;10.3389/feart.2021.765893;FALSE
UMC Utrecht;2022;3.244,68;10.3389/feart.2022.877024;FALSE
UMC Utrecht;2024;1.852,68;10.3389/feart.2024.1385657;FALSE
UMC Utrecht;2024;2.571,51;10.3389/feart.2024.1399447;FALSE
UMC Utrecht;2024;2.593,75;10.3389/feart.2024.1408873;FALSE
UMC Utrecht;2024;2.577,45;10.3389/feart.2024.1445918;FALSE
UMC Utrecht;2021;936,84;10.3389/feduc.2021.622860;FALSE
UMC Utrecht;2022;1.171,80;10.3389/feduc.2022.1007361;FALSE
UMC Utrecht;2022;1.012,71;10.3389/feduc.2022.802828;FALSE
UMC Utrecht;2023;1.186,55;10.3389/feduc.2023.1145227;FALSE
UMC Utrecht;2023;1.211,67;10.3389/feduc.2023.1147213;FALSE
UMC Utrecht;2023;1.399,58;10.3389/feduc.2023.1182824;FALSE
UMC Utrecht;2020;3.069,77;10.3389/fendo.2020.597573;FALSE
UMC Utrecht;2021;1.850,00;10.3389/fendo.2021.573235;FALSE
UMC Utrecht;2022;2.331,98;10.3389/fendo.2022.846124;FALSE
UMC Utrecht;2020;1.160,77;10.3389/fenrg.2020.00104;FALSE
UMC Utrecht;2021;2.560,97;10.3389/fenrg.2021.644796;FALSE
UMC Utrecht;2024;2.437,21;10.3389/fetho.2024.1458136;FALSE
UMC Utrecht;2024;3.031,40;10.3389/fgene.2024.1392061;FALSE
UMC Utrecht;2019;3.176,86;10.3389/fimmu.2019.02097;FALSE
UMC Utrecht;2019;3.269,66;10.3389/fimmu.2019.02476;FALSE
UMC Utrecht;2020;3.191,13;10.3389/fimmu.2020.00141;FALSE
UMC Utrecht;2020;3.283,94;10.3389/fimmu.2020.01092;FALSE
UMC Utrecht;2020;3.183,99;10.3389/fimmu.2020.01821;FALSE
UMC Utrecht;2021;2.404,25;10.3389/fimmu.2020.600125;FALSE
UMC Utrecht;2021;2.431,49;10.3389/fimmu.2020.608466;FALSE
UMC Utrecht;2021;1.253,75;10.3389/fimmu.2021.685742;FALSE
UMC Utrecht;2022;3.079,88;10.3389/fimmu.2022.1026031;FALSE
UMC Utrecht;2023;3.225,00;10.3389/fimmu.2022.1052090;FALSE
UMC Utrecht;2022;3.037,95;10.3389/fimmu.2022.1053107;FALSE
UMC Utrecht;2022;3.037,95;10.3389/fimmu.2022.1073034;FALSE
UMC Utrecht;2022;3.191,13;10.3389/fimmu.2022.777530;FALSE
UMC Utrecht;2022;3.283,94;10.3389/fimmu.2022.855342;FALSE
UMC Utrecht;2022;3.191,13;10.3389/fimmu.2022.864403;FALSE
UMC Utrecht;2022;2.469,15;10.3389/fimmu.2022.903564;FALSE
UMC Utrecht;2023;3.225,00;10.3389/fimmu.2023.1053920;FALSE
UMC Utrecht;2023;3.225,00;10.3389/fimmu.2023.1215869;FALSE
UMC Utrecht;2023;2.386,51;10.3389/fitd.2023.1258006;FALSE
UMC Utrecht;2020;985,12;10.3389/fmars.2020.596251;FALSE
UMC Utrecht;2021;2.419,00;10.3389/fmars.2021.668038;FALSE
UMC Utrecht;2022;3.144,73;10.3389/fmars.2022.811953;FALSE
UMC Utrecht;2023;2.474,33;10.3389/fmars.2023.1306294;FALSE
UMC Utrecht;2020;2.490,00;10.3389/fmed.2020.00558;FALSE
UMC Utrecht;2021;2.479,62;10.3389/fmed.2021.628020;FALSE
UMC Utrecht;2023;3.225,00;10.3389/fmed.2023.1106560;FALSE
UMC Utrecht;2023;3.225,00;10.3389/fmed.2023.1109297;FALSE
UMC Utrecht;2019;3.155,44;10.3389/fmicb.2019.01086;FALSE
UMC Utrecht;2019;3.151,87;10.3389/fmicb.2019.01631;FALSE
UMC Utrecht;2019;3.151,87;10.3389/fmicb.2019.01719;FALSE
UMC Utrecht;2019;3.233,97;10.3389/fmicb.2019.02384;FALSE
UMC Utrecht;2020;3.219,69;10.3389/fmicb.2020.00426;FALSE
UMC Utrecht;2020;1.850,00;10.3389/fmicb.2020.00611;FALSE
UMC Utrecht;2020;3.069,77;10.3389/fmicb.2020.566619;FALSE
UMC Utrecht;2020;2.466,20;10.3389/fmicb.2020.626713;FALSE
UMC Utrecht;2021;3.091,19;10.3389/fmicb.2021.621634;FALSE
UMC Utrecht;2021;2.510,45;10.3389/fmicb.2021.700605;FALSE
UMC Utrecht;2023;1.010,00;10.3389/fmicb.2023.1122276;FALSE
UMC Utrecht;2023;3.225,00;10.3389/fmicb.2023.1156695;FALSE
UMC Utrecht;2020;1.925,25;10.3389/fmolb.2020.00214;FALSE
UMC Utrecht;2022;3.194,70;10.3389/fmolb.2022.858856;FALSE
UMC Utrecht;2023;3.295,00;10.3389/fmolb.2023.1283083;FALSE
UMC Utrecht;2023;3.225,00;10.3389/fncel.2023.1236894;FALSE
UMC Utrecht;2022;1.878,60;10.3389/fneur.2022.1016111;FALSE
UMC Utrecht;2023;3.225,00;10.3389/fneur.2023.1213687;FALSE
UMC Utrecht;2024;3.031,40;10.3389/fneur.2024.1428106;FALSE
UMC Utrecht;2020;3.191,13;10.3389/fnins.2020.00009;FALSE
UMC Utrecht;2021;2.566,84;10.3389/fnins.2021.738220;FALSE
UMC Utrecht;2024;2.432,94;10.3389/fnins.2023.1176825;FALSE
UMC Utrecht;2024;3.031,40;10.3389/fnins.2024.1451741;FALSE
UMC Utrecht;2021;2.600,13;10.3389/fnsyn.2021.790773;FALSE
UMC Utrecht;2022;3.244,35;10.3389/fnut.2022.1010989;FALSE
UMC Utrecht;2023;1.849,56;10.3389/fnut.2023.1305833;FALSE
UMC Utrecht;2024;3.055,75;10.3389/fnut.2024.1371064;FALSE
UMC Utrecht;2020;2.490,00;10.3389/fonc.2020.01107;FALSE
UMC Utrecht;2022;2.469,15;10.3389/fonc.2022.884988;FALSE
UMC Utrecht;2023;3.225,00;10.3389/fonc.2023.1040673;FALSE
UMC Utrecht;2024;3.031,40;10.3389/fonc.2024.1342857;FALSE
UMC Utrecht;2022;1.934,40;10.3389/fopht.2022.1041778;FALSE
UMC Utrecht;2022;1.934,40;10.3389/fpain.2022.1013577;FALSE
UMC Utrecht;2024;3.031,40;10.3389/fped.2024.1315229;FALSE
UMC Utrecht;2020;3.041,21;10.3389/fphar.2020.01244;FALSE
UMC Utrecht;2022;3.194,70;10.3389/fphar.2022.791612;FALSE
UMC Utrecht;2023;3.225,00;10.3389/fphar.2023.1207976;FALSE
UMC Utrecht;2019;3.123,31;10.3389/fphys.2019.00101;FALSE
UMC Utrecht;2020;1.858,50;10.3389/fphys.2020.01005;FALSE
UMC Utrecht;2021;1.850,00;10.3389/fphys.2021.730736;FALSE
UMC Utrecht;2023;3.225,00;10.3389/fphys.2023.1211972;FALSE
UMC Utrecht;2023;3.225,00;10.3389/fphys.2023.1217660;FALSE
UMC Utrecht;2023;3.295,00;10.3389/fphys.2023.1330230;FALSE
UMC Utrecht;2024;3.031,40;10.3389/fphys.2024.1298340;FALSE
UMC Utrecht;2019;3.162,58;10.3389/fpls.2019.00909;FALSE
UMC Utrecht;2020;3.283,94;10.3389/fpls.2020.00708;FALSE
UMC Utrecht;2022;3.283,94;10.3389/fpls.2022.817909;FALSE
UMC Utrecht;2019;3.123,31;10.3389/fpsyg.2019.00150;FALSE
UMC Utrecht;2020;1.045,09;10.3389/fpsyg.2019.00425;FALSE
UMC Utrecht;2019;3.155,44;10.3389/fpsyg.2019.01124;FALSE
UMC Utrecht;2019;3.155,44;10.3389/fpsyg.2019.01124;FALSE
UMC Utrecht;2019;3.155,44;10.3389/fpsyg.2019.01240;FALSE
UMC Utrecht;2019;3.176,86;10.3389/fpsyg.2019.01890;FALSE
UMC Utrecht;2020;3.191,13;10.3389/fpsyg.2020.00185;FALSE
UMC Utrecht;2020;3.248,25;10.3389/fpsyg.2020.00275;FALSE
UMC Utrecht;2020;3.223,26;10.3389/fpsyg.2020.00396;FALSE
UMC Utrecht;2020;3.305,36;10.3389/fpsyg.2020.00396;FALSE
UMC Utrecht;2020;3.283,94;10.3389/fpsyg.2020.00867;FALSE
UMC Utrecht;2020;3.283,94;10.3389/fpsyg.2020.01197;FALSE
UMC Utrecht;2020;3.283,94;10.3389/fpsyg.2020.01211;FALSE
UMC Utrecht;2020;3.283,94;10.3389/fpsyg.2020.01223;FALSE
UMC Utrecht;2020;3.276,80;10.3389/fpsyg.2020.01385;FALSE
UMC Utrecht;2020;3.276,80;10.3389/fpsyg.2020.01398;FALSE
UMC Utrecht;2020;3.276,80;10.3389/fpsyg.2020.01419;FALSE
UMC Utrecht;2020;3.041,21;10.3389/fpsyg.2020.01832;FALSE
UMC Utrecht;2020;3.069,77;10.3389/fpsyg.2020.559011;FALSE
UMC Utrecht;2020;2.512,35;10.3389/fpsyg.2020.572343;FALSE
UMC Utrecht;2020;3.069,77;10.3389/fpsyg.2020.578154;FALSE
UMC Utrecht;2020;1.925,11;10.3389/fpsyg.2020.581701;FALSE
UMC Utrecht;2020;1.918,39;10.3389/fpsyg.2020.611963;FALSE
UMC Utrecht;2021;3.080,48;10.3389/fpsyg.2021.621547;FALSE
UMC Utrecht;2021;3.080,48;10.3389/fpsyg.2021.624032;FALSE
UMC Utrecht;2021;3.080,48;10.3389/fpsyg.2021.661785;FALSE
UMC Utrecht;2021;1.880,34;10.3389/fpsyg.2021.701540;FALSE
UMC Utrecht;2021;3.034,08;10.3389/fpsyg.2021.708309;FALSE
UMC Utrecht;2021;3.080,48;10.3389/fpsyg.2021.720427;FALSE
UMC Utrecht;2021;2.547,06;10.3389/fpsyg.2021.722080;FALSE
UMC Utrecht;2021;3.037,64;10.3389/fpsyg.2021.729609;FALSE
UMC Utrecht;2021;3.155,44;10.3389/fpsyg.2021.741163;FALSE
UMC Utrecht;2021;3.034,08;10.3389/fpsyg.2021.741762;FALSE
UMC Utrecht;2021;2.545,85;10.3389/fpsyg.2021.746364;FALSE
UMC Utrecht;2021;3.151,87;10.3389/fpsyg.2021.769643;FALSE
UMC Utrecht;2021;3.091,19;10.3389/fpsyg.2021.772696;FALSE
UMC Utrecht;2022;3.191,13;10.3389/fpsyg.2022.790211;FALSE
UMC Utrecht;2022;3.244,68;10.3389/fpsyg.2022.861220;FALSE
UMC Utrecht;2023;3.178,17;10.3389/fpsyg.2023.1112397;FALSE
UMC Utrecht;2023;2.594,24;10.3389/fpsyg.2023.1112530;FALSE
UMC Utrecht;2023;2.500,00;10.3389/fpsyg.2023.1198208;FALSE
UMC Utrecht;2023;3.225,00;10.3389/fpsyg.2023.1227053;FALSE
UMC Utrecht;2024;3.031,40;10.3389/fpsyg.2024.1451251;FALSE
UMC Utrecht;2019;2.402,49;10.3389/fpsyt.2019.00451;FALSE
UMC Utrecht;2020;3.283,94;10.3389/fpsyt.2020.00367;FALSE
UMC Utrecht;2020;1.850,00;10.3389/fpsyt.2020.00472;FALSE
UMC Utrecht;2021;1.842,29;10.3389/fpsyt.2021.545317;FALSE
UMC Utrecht;2022;3.244,68;10.3389/fpsyt.2022.799470;FALSE
UMC Utrecht;2023;3.225,00;10.3389/fpsyt.2023.1163804;FALSE
UMC Utrecht;2023;3.225,00;10.3389/fpsyt.2023.1272683;FALSE
UMC Utrecht;2024;3.255,15;10.3389/fpsyt.2024.1463929;FALSE
UMC Utrecht;2020;1.145,40;10.3389/fpubh.2020.00067;FALSE
UMC Utrecht;2021;2.479,62;10.3389/fpubh.2020.536370;FALSE
UMC Utrecht;2020;2.518,78;10.3389/fpubh.2020.536370;FALSE
UMC Utrecht;2021;2.479,62;10.3389/fpubh.2021.590038;FALSE
UMC Utrecht;2021;2.560,97;10.3389/fpubh.2021.627509;FALSE
UMC Utrecht;2021;2.485,64;10.3389/fpubh.2021.649930;FALSE
UMC Utrecht;2023;3.060,27;10.3389/fpubh.2023.1128156;FALSE
UMC Utrecht;2023;1.833,33;10.3389/fpubh.2023.1155692;FALSE
UMC Utrecht;2023;1.142,36;10.3389/fpubh.2023.1165034;FALSE
UMC Utrecht;2023;3.225,00;10.3389/fpubh.2023.1253267;FALSE
UMC Utrecht;2022;1.934,40;10.3389/fradi.2022.1033521;FALSE
UMC Utrecht;2024;1.054,01;10.3389/fragi.2024.1440661;FALSE
UMC Utrecht;2020;1.064,44;10.3389/frai.2020.00011;FALSE
UMC Utrecht;2020;979,37;10.3389/frai.2020.00064;FALSE
UMC Utrecht;2022;1.088,53;10.3389/frai.2022.1092053;FALSE
UMC Utrecht;2022;1.305,23;10.3389/frai.2022.818491;FALSE
UMC Utrecht;2022;1.264,87;10.3389/frai.2022.818562;FALSE
UMC Utrecht;2023;2.328,04;10.3389/frcha.2023.1176560;FALSE
UMC Utrecht;2023;1.402,63;10.3389/frma.2023.1178181;FALSE
UMC Utrecht;2021;1.149,50;10.3389/frsc.2021.656781;FALSE
UMC Utrecht;2022;1.123,06;10.3389/frsc.2022.958423;FALSE
UMC Utrecht;2023;1.194,48;10.3389/frwa.2023.1108108;FALSE
UMC Utrecht;2021;1.015,01;10.3389/fsoc.2021.787009;FALSE
UMC Utrecht;2021;992,02;10.3389/fsufs.2021.697314;FALSE
UMC Utrecht;2023;2.370,83;10.3389/fsufs.2023.1017975;FALSE
UMC Utrecht;2020;1.900,00;10.3389/fsurg.2019.00078;FALSE
UMC Utrecht;2020;1.900,00;10.3389/fsurg.2020.00021;FALSE
UMC Utrecht;2020;2.490,00;10.3389/fsurg.2020.601321;FALSE
UMC Utrecht;2021;1.150,00;10.3389/fsurg.2021.721214;FALSE
UMC Utrecht;2022;1.878,60;10.3389/fsurg.2022.1079857;FALSE
UMC Utrecht;2022;2.315,70;10.3389/fsurg.2022.863997;FALSE
UMC Utrecht;2024;3.031,40;10.3389/fsurg.2024.1328187;FALSE
UMC Utrecht;2024;3.031,40;10.3389/fsurg.2024.1381481;FALSE
UMC Utrecht;2024;3.031,40;10.3389/fsurg.2024.1489260;FALSE
UMC Utrecht;2019;942,29;10.3389/fvets.2019.00133;FALSE
UMC Utrecht;2020;3.069,77;10.3389/fvets.2020.584561;FALSE
UMC Utrecht;2020;1.871,39;10.3389/fvets.2020.588214;FALSE
UMC Utrecht;2021;2.478,00;10.3389/fvets.2021.668639;FALSE
UMC Utrecht;2021;3.034,08;10.3389/fvets.2021.678968;FALSE
UMC Utrecht;2021;1.904,96;10.3389/fvets.2021.700527;FALSE
UMC Utrecht;2021;1.893,77;10.3389/fvets.2021.748247;FALSE
UMC Utrecht;2021;3.080,48;10.3389/fvets.2021.760487;FALSE
UMC Utrecht;2022;3.032,26;10.3389/fvets.2021.821005;FALSE
UMC Utrecht;2022;3.079,88;10.3389/fvets.2022.1033463;FALSE
UMC Utrecht;2022;3.244,68;10.3389/fvets.2022.864677;FALSE
UMC Utrecht;2022;3.244,68;10.3389/fvets.2022.880318;FALSE
UMC Utrecht;2022;979,13;10.3389/fvets.2022.954607;FALSE
UMC Utrecht;2023;1.804,79;10.3389/fvets.2023.1167847;FALSE
UMC Utrecht;2024;2.326,07;10.3389/fvets.2024.1358986;FALSE
UMC Utrecht;2021;2.300,00;10.3389/ijph.2021.1604056;FALSE
UMC Utrecht;2023;2.300,00;10.3389/ijph.2023.1605551;FALSE
UMC Utrecht;2023;1.119,08;10.3390/adolescents3020025;FALSE
UMC Utrecht;2020;1.183,96;10.3390/ani10020213;FALSE
UMC Utrecht;2020;1.834,14;10.3390/ani10030500;FALSE
UMC Utrecht;2021;1.806,47;10.3390/ani11030601;FALSE
UMC Utrecht;2021;1.806,47;10.3390/ani11030650;FALSE
UMC Utrecht;2021;1.090,68;10.3390/ani11030881;FALSE
UMC Utrecht;2021;1.309,29;10.3390/ani11123434;FALSE
UMC Utrecht;2021;1.861,21;10.3390/ani12010095;FALSE
UMC Utrecht;2022;1.878,60;10.3390/ani12111357;FALSE
UMC Utrecht;2022;1.921,98;10.3390/ani12121541;FALSE
UMC Utrecht;2023;1.257,59;10.3390/ani13091498;FALSE
UMC Utrecht;2019;954,28;10.3390/ani9020053;FALSE
UMC Utrecht;2019;979,07;10.3390/ani9070405;FALSE
UMC Utrecht;2019;977,92;10.3390/ani9070454;FALSE
UMC Utrecht;2021;1.374,75;10.3390/antibiotics10050610;FALSE
UMC Utrecht;2021;1.136,16;10.3390/antibiotics10070820;FALSE
UMC Utrecht;2020;1.331,05;10.3390/antibiotics9050211;FALSE
UMC Utrecht;2020;1.342,03;10.3390/antibiotics9080470;FALSE
UMC Utrecht;2020;1.334,20;10.3390/antibiotics9100670;FALSE
UMC Utrecht;2022;1.091,07;10.3390/app12031614;FALSE
UMC Utrecht;2022;2.426,76;10.3390/app12125992;FALSE
UMC Utrecht;2022;2.476,64;10.3390/app12136625;FALSE
UMC Utrecht;2023;2.534,74;10.3390/app13031555;FALSE
UMC Utrecht;2023;2.380,69;10.3390/app13042217;FALSE
UMC Utrecht;2023;2.404,67;10.3390/app13106236;FALSE
UMC Utrecht;2019;1.115,84;10.3390/app9010150;FALSE
UMC Utrecht;2019;1.104,13;10.3390/app9030590;FALSE
UMC Utrecht;2024;1.299,83;10.3390/batteries10020060;FALSE
UMC Utrecht;2023;1.891,49;10.3390/biom13020263;FALSE
UMC Utrecht;2023;1.814,03;10.3390/biomedicines11030813;FALSE
UMC Utrecht;2021;1.838,44;10.3390/cancers13030368;FALSE
UMC Utrecht;2021;1.824,72;10.3390/cancers13050976;FALSE
UMC Utrecht;2021;1.785,39;10.3390/cancers13215378;FALSE
UMC Utrecht;2021;1.785,39;10.3390/cancers13215434;FALSE
UMC Utrecht;2022;1.785,39;10.3390/cancers13246318;FALSE
UMC Utrecht;2021;1.785,39;10.3390/cancers14010159;FALSE
UMC Utrecht;2022;1.785,39;10.3390/cancers14030671;FALSE
UMC Utrecht;2022;1.785,39;10.3390/cancers14030781;FALSE
UMC Utrecht;2022;1.386,06;10.3390/cancers14123027;FALSE
UMC Utrecht;2022;1.179,30;10.3390/cancers14133170;FALSE
UMC Utrecht;2023;1.844,93;10.3390/cancers15051401;FALSE
UMC Utrecht;2021;1.091,07;10.3390/cells10123360;FALSE
UMC Utrecht;2019;1.336,76;10.3390/cells8121486;FALSE
UMC Utrecht;2020;1.832,73;10.3390/cells9020410;FALSE
UMC Utrecht;2023;1.833,67;10.3390/children10050872;FALSE
UMC Utrecht;2023;1.853,75;10.3390/children10061020;FALSE
UMC Utrecht;2024;2.310,82;10.3390/children11030266;FALSE
UMC Utrecht;2024;1.227,66;10.3390/covid4110123;FALSE
UMC Utrecht;2021;1.374,75;10.3390/data6110120;FALSE
UMC Utrecht;2021;1.405,03;10.3390/educsci11030100;FALSE
UMC Utrecht;2023;1.265,31;10.3390/educsci13100992;FALSE
UMC Utrecht;2023;1.312,38;10.3390/educsci13101037;FALSE
UMC Utrecht;2022;1.200,17;10.3390/en15072578;FALSE
UMC Utrecht;2022;1.848,92;10.3390/en15176383;FALSE
UMC Utrecht;2024;2.425,52;10.3390/en17153677;FALSE
UMC Utrecht;2023;2.388,25;10.3390/foods12030616;FALSE
UMC Utrecht;2022;1.107,82;10.3390/futurepharmacol2030019;FALSE
UMC Utrecht;2023;1.129,95;10.3390/futuretransp3030061;FALSE
UMC Utrecht;2019;994,04;10.3390/g11010005;FALSE
UMC Utrecht;2021;981,96;10.3390/gastroent12040040;FALSE
UMC Utrecht;2021;1.262,40;10.3390/genes12111667;FALSE
UMC Utrecht;2022;1.839,49;10.3390/genes13030447;FALSE
UMC Utrecht;2022;1.861,21;10.3390/healthcare10020301;FALSE
UMC Utrecht;2023;993,69;10.3390/heritage6120392;FALSE
UMC Utrecht;2019;1.794,31;10.3390/ijerph16193605;FALSE
UMC Utrecht;2020;2.320,67;10.3390/ijerph17207538;FALSE
UMC Utrecht;2020;1.917,91;10.3390/ijerph17228309;FALSE
UMC Utrecht;2020;2.320,67;10.3390/ijerph17228679;FALSE
UMC Utrecht;2021;2.318,74;10.3390/ijerph18020632;FALSE
UMC Utrecht;2021;2.324,98;10.3390/ijerph18031346;FALSE
UMC Utrecht;2021;1.291,65;10.3390/ijerph18041369;FALSE
UMC Utrecht;2021;1.866,55;10.3390/ijerph18116175;FALSE
UMC Utrecht;2021;1.866,55;10.3390/ijerph182212163;FALSE
UMC Utrecht;2022;2.454,91;10.3390/ijerph19105922;FALSE
UMC Utrecht;2020;1.832,59;10.3390/ijms21103480;FALSE
UMC Utrecht;2020;1.887,38;10.3390/ijms21113905;FALSE
UMC Utrecht;2020;1.800,00;10.3390/ijms21186742;FALSE
UMC Utrecht;2020;1.301,57;10.3390/ijms22010065;FALSE
UMC Utrecht;2021;1.803,43;10.3390/ijms22105389;FALSE
UMC Utrecht;2022;1.866,55;10.3390/ijms23063176;FALSE
UMC Utrecht;2022;1.866,55;10.3390/ijms23073725;FALSE
UMC Utrecht;2022;2.455,86;10.3390/ijms23148027;FALSE
UMC Utrecht;2022;1.903,03;10.3390/ijms231810958;FALSE
UMC Utrecht;2022;1.000,00;10.3390/ijms232012657;FALSE
UMC Utrecht;2023;1.398,90;10.3390/ijms24044031;FALSE
UMC Utrecht;2023;3.292,60;10.3390/ijms241512435;FALSE
UMC Utrecht;2023;2.424,39;10.3390/ijms241914539;FALSE
UMC Utrecht;2023;2.532,29;10.3390/jcdd10080354;FALSE
UMC Utrecht;2021;1.828,76;10.3390/jcm10020368;FALSE
UMC Utrecht;2021;1.785,39;10.3390/jcm10214823;FALSE
UMC Utrecht;2022;1.785,39;10.3390/jcm11010098;FALSE
UMC Utrecht;2022;1.785,39;10.3390/jcm11030526;FALSE
UMC Utrecht;2023;2.380,29;10.3390/jcm12093173;FALSE
UMC Utrecht;2023;2.386,95;10.3390/jcm12134393;FALSE
UMC Utrecht;2023;2.397,26;10.3390/jcm12144681;FALSE
UMC Utrecht;2023;2.438,50;10.3390/jcm12165317;FALSE
UMC Utrecht;2023;2.449,12;10.3390/jcm12186035;FALSE
UMC Utrecht;2021;981,96;10.3390/jintelligence9020020;FALSE
UMC Utrecht;2020;1.412,58;10.3390/jmse8110892;FALSE
UMC Utrecht;2021;1.166,34;10.3390/jpm11030159;FALSE
UMC Utrecht;2021;1.136,16;10.3390/jpm11050350;FALSE
UMC Utrecht;2021;1.136,16;10.3390/jpm11060493;FALSE
UMC Utrecht;2021;1.136,16;10.3390/jpm11121376;FALSE
UMC Utrecht;2022;1.827,94;10.3390/jpm12071191;FALSE
UMC Utrecht;2023;2.418,81;10.3390/land12040776;FALSE
UMC Utrecht;2024;2.326,60;10.3390/land13091375;FALSE
UMC Utrecht;2020;1.017,63;10.3390/land9030068;FALSE
UMC Utrecht;2020;1.033,99;10.3390/land9050156;FALSE
UMC Utrecht;2021;1.167,42;10.3390/land9100397;FALSE
UMC Utrecht;2020;1.412,58;10.3390/land9110457;FALSE
UMC Utrecht;2021;984,09;10.3390/languages6010056;FALSE
UMC Utrecht;2022;1.178,36;10.3390/languages7020108;FALSE
UMC Utrecht;2022;974,49;10.3390/languages7020146;FALSE
UMC Utrecht;2022;1.257,84;10.3390/languages7030166;FALSE
UMC Utrecht;2022;1.269,60;10.3390/languages7030217;FALSE
UMC Utrecht;2022;1.339,95;10.3390/languages7040251;FALSE
UMC Utrecht;2020;1.412,58;10.3390/life10110266;FALSE
UMC Utrecht;2021;1.154,19;10.3390/life12010001;FALSE
UMC Utrecht;2023;1.352,66;10.3390/logistics7040090;FALSE
UMC Utrecht;2023;2.501,53;10.3390/ma16031291;FALSE
UMC Utrecht;2022;1.298,47;10.3390/math10020216;FALSE
UMC Utrecht;2024;1.050,22;10.3390/math12152316;FALSE
UMC Utrecht;2020;1.271,74;10.3390/medicina56030104;FALSE
UMC Utrecht;2020;1.271,74;10.3390/medicina56030104;FALSE
UMC Utrecht;2019;1.000,44;10.3390/microorganisms7090327;FALSE
UMC Utrecht;2019;995,95;10.3390/microorganisms7100431;FALSE
UMC Utrecht;2019;1.192,84;10.3390/microorganisms7120688;FALSE
UMC Utrecht;2020;1.793,75;10.3390/molecules25214951;FALSE
UMC Utrecht;2021;950,12;10.3390/nu13030724;FALSE
UMC Utrecht;2021;1.274,35;10.3390/nu13030886;FALSE
UMC Utrecht;2021;2.356,72;10.3390/nu14010173;FALSE
UMC Utrecht;2023;2.409,57;10.3390/nu15122760;FALSE
UMC Utrecht;2022;991,88;10.3390/pathogens11020153;FALSE
UMC Utrecht;2022;1.398,28;10.3390/pathogens11101149;FALSE
UMC Utrecht;2021;1.161,18;10.3390/ph14030189;FALSE
UMC Utrecht;2023;2.464,49;10.3390/ph16060818;FALSE
UMC Utrecht;2021;1.200,17;10.3390/pharmaceutics13111949;FALSE
UMC Utrecht;2022;1.200,17;10.3390/pharmaceutics14010213;FALSE
UMC Utrecht;2022;1.309,29;10.3390/pharmaceutics14030494;FALSE
UMC Utrecht;2023;2.445,45;10.3390/pharmaceutics15122757;FALSE
UMC Utrecht;2024;3.272,58;10.3390/pharmaceutics16091143;FALSE
UMC Utrecht;2024;3.135,86;10.3390/plants13213003;FALSE
UMC Utrecht;2021;2.356,72;10.3390/rs13142684;FALSE
UMC Utrecht;2021;1.309,29;10.3390/rs13224592;FALSE
UMC Utrecht;2022;2.454,91;10.3390/rs14092219;FALSE
UMC Utrecht;2023;2.551,33;10.3390/rs15061491;FALSE
UMC Utrecht;2023;2.449,25;10.3390/s23187665;FALSE
UMC Utrecht;2023;1.409,31;10.3390/smartcities6020042;FALSE
UMC Utrecht;2019;1.346,67;10.3390/su11020319;FALSE
UMC Utrecht;2019;1.344,76;10.3390/su11030743;FALSE
UMC Utrecht;2020;1.397,21;10.3390/su11247141;FALSE
UMC Utrecht;2020;1.840,08;10.3390/su12052097;FALSE
UMC Utrecht;2020;1.850,78;10.3390/su12062429;FALSE
UMC Utrecht;2020;1.832,47;10.3390/su12145521;FALSE
UMC Utrecht;2020;1.826,83;10.3390/su12156160;FALSE
UMC Utrecht;2020;1.854,35;10.3390/su12187298;FALSE
UMC Utrecht;2020;1.822,38;10.3390/su122410597;FALSE
UMC Utrecht;2021;1.915,30;10.3390/su13052535;FALSE
UMC Utrecht;2021;1.865,74;10.3390/su13147612;FALSE
UMC Utrecht;2021;1.865,74;10.3390/su13147963;FALSE
UMC Utrecht;2021;1.865,74;10.3390/su13158422;FALSE
UMC Utrecht;2021;1.865,74;10.3390/su132111571;FALSE
UMC Utrecht;2021;1.865,74;10.3390/su14010190;FALSE
UMC Utrecht;2023;2.452,08;10.3390/su151310281;FALSE
UMC Utrecht;2021;1.008,52;10.3390/tourhosp2010006;FALSE
UMC Utrecht;2021;2.356,72;10.3390/toxins13040260;FALSE
UMC Utrecht;2022;1.808,61;10.3390/toxins14090645;FALSE
UMC Utrecht;2021;1.200,17;10.3390/v13050815;FALSE
UMC Utrecht;2021;1.920,28;10.3390/v13081634;FALSE
UMC Utrecht;2022;2.568,52;10.3390/v14071360;FALSE
UMC Utrecht;2023;2.527,93;10.3390/v15071531;FALSE
UMC Utrecht;2020;1.866,41;10.3390/vaccines8020332;FALSE
UMC Utrecht;2020;1.816,17;10.3390/vaccines8040614;FALSE
UMC Utrecht;2020;1.816,17;10.3390/vaccines8040671;FALSE
UMC Utrecht;2023;1.852,75;10.3390/vetsci10020093;FALSE
UMC Utrecht;2022;1.884,54;10.3390/vetsci9120678;FALSE
UMC Utrecht;2019;1.408,62;10.3390/w11071501;FALSE
UMC Utrecht;2020;1.816,17;10.3390/w12092644;FALSE
UMC Utrecht;2020;1.816,17;10.3390/w12123391;FALSE
UMC Utrecht;2021;1.806,47;10.3390/w13050620;FALSE
UMC Utrecht;2022;2.415,57;10.3390/w14213397;FALSE
UMC Utrecht;2022;2.358,92;10.3390/w14223743;FALSE
UMC Utrecht;2022;2.423,55;10.3390/w15010151;FALSE
UMC Utrecht;2023;2.443,26;10.3390/w15091750;FALSE
UMC Utrecht;2024;2.360,00;10.3399/BJGP.2024.0538;FALSE
UMC Utrecht;2021;1.000,00;10.3399/BJGPO.2021.0113;FALSE
UMC Utrecht;2021;1.000,00;10.3399/BJGPO.2021.0131;FALSE
UMC Utrecht;2021;1.000,00;10.3399/BJGPO.2021.0134;FALSE
UMC Utrecht;2024;1.180,00;10.3399/BJGPO.2024.0017;FALSE
UMC Utrecht;2020;1.000,00;10.3399/bjgpopen20X101109;FALSE
UMC Utrecht;2023;1.344,94;10.3934/mbe.2023785;FALSE
UMC Utrecht;2023;1.302,00;10.5194/acp-23-10399-2023;FALSE
UMC Utrecht;2019;1.800,48;10.5194/amt-12-6193-2019;FALSE
UMC Utrecht;2020;2.475,66;10.5194/bg-17-2745-2020;FALSE
UMC Utrecht;2020;1.860,00;10.5194/bg-17-3903-2020;FALSE
UMC Utrecht;2020;2.363,13;10.5194/bg-17-5443-2020;FALSE
UMC Utrecht;2022;1.237,83;10.5194/bg-19-3305-2022;FALSE
UMC Utrecht;2022;2.363,13;10.5194/bg-19-4107-2022;FALSE
UMC Utrecht;2019;1.913,01;10.5194/cp-15-1603-2019;FALSE
UMC Utrecht;2020;2.588,19;10.5194/cp-16-1667-2020;FALSE
UMC Utrecht;2020;2.329,25;10.5194/cp-16-2573-2020;FALSE
UMC Utrecht;2020;1.863,40;10.5194/cp-16-933-2020;FALSE
UMC Utrecht;2021;1.237,83;10.5194/cp-17-229-2021;FALSE
UMC Utrecht;2021;1.936,00;10.5194/cp-17-2393-2021;FALSE
UMC Utrecht;2021;1.936,00;10.5194/cp-17-2427-2021;FALSE
UMC Utrecht;2021;1.304,38;10.5194/cp-17-331-2021;FALSE
UMC Utrecht;2022;1.936,00;10.5194/cp-18-1947-2022;FALSE
UMC Utrecht;2022;1.936,00;10.5194/cp-18-657-2022;FALSE
UMC Utrecht;2022;1.936,00;10.5194/cp-18-961-2022;FALSE
UMC Utrecht;2023;1.936,00;10.5194/cp-19-399-2023;FALSE
UMC Utrecht;2023;1.936,00;10.5194/cp-19-61-2023;FALSE
UMC Utrecht;2023;1.936,00;10.5194/cp-19-787-2023;FALSE
UMC Utrecht;2019;1.863,40;10.5194/esd-10-453-2019;FALSE
UMC Utrecht;2021;1.211,21;10.5194/esd-12-69-2021;FALSE
UMC Utrecht;2022;1.397,55;10.5194/esd-13-357-2022;FALSE
UMC Utrecht;2024;1.400,00;10.5194/essd-16-1447-2024;FALSE
UMC Utrecht;2022;1.397,55;10.5194/esurf-10-367-2022;FALSE
UMC Utrecht;2019;1.211,21;10.5194/esurf-7-411-2019;FALSE
UMC Utrecht;2020;1.881,39;10.5194/esurf-8-413-2020;FALSE
UMC Utrecht;2019;1.304,38;10.5194/gmd-12-3571-2019;FALSE
UMC Utrecht;2019;1.863,40;10.5194/gmd-12-5177-2019;FALSE
UMC Utrecht;2022;2.363,13;10.5194/gmd-15-1247-2022;FALSE
UMC Utrecht;2022;1.936,00;10.5194/gmd-15-2105-2022;FALSE
UMC Utrecht;2022;1.936,00;10.5194/gmd-15-5667-2022;FALSE
UMC Utrecht;2022;1.936,00;10.5194/gmd-15-7121-2022;FALSE
UMC Utrecht;2023;1.936,00;10.5194/gmd-16-4481-2023;FALSE
UMC Utrecht;2019;2.363,13;10.5194/hess-23-1431-2019;FALSE
UMC Utrecht;2023;3.150,84;10.5194/hess-27-4409-2023;FALSE
UMC Utrecht;2023;1.309,00;10.5194/hess-27-501-2023;FALSE
UMC Utrecht;2019;931,7;10.5194/jm-38-55-2019;FALSE
UMC Utrecht;2020;1.397,55;10.5194/os-16-1443-2020;FALSE
UMC Utrecht;2020;1.397,55;10.5194/os-16-435-2020;FALSE
UMC Utrecht;2020;1.800,48;10.5194/os-16-847-2020;FALSE
UMC Utrecht;2021;2.422,42;10.5194/os-17-729-2021;FALSE
UMC Utrecht;2022;2.329,25;10.5194/os-18-269-2022;FALSE
UMC Utrecht;2019;1.001,00;10.5194/tc-13-1473-2019;FALSE
UMC Utrecht;2019;1.237,83;10.5194/tc-13-297-2019;FALSE
UMC Utrecht;2020;1.024,87;10.5194/tc-14-1425-2020;FALSE
UMC Utrecht;2020;2.475,66;10.5194/tc-14-1611-2020;FALSE
UMC Utrecht;2020;1.800,48;10.5194/tc-14-1747-2020;FALSE
UMC Utrecht;2021;1.863,40;10.5194/tc-15-5639-2021;FALSE
UMC Utrecht;2021;1.863,40;10.5194/tc-15-695-2021;FALSE
UMC Utrecht;2022;1.350,36;10.5194/tc-16-2115-2022;FALSE
UMC Utrecht;2023;1.265,00;10.5334/gh.1195;FALSE
UMC Utrecht;2024;1.791,24;10.5334/gh.1284;FALSE
UMC Utrecht;2024;1.876,20;10.5334/gh.1340;FALSE
UMC Utrecht;2020;1.175,00;10.5334/gh.801;FALSE
UMC Utrecht;2021;1.175,00;10.5334/gh.840;FALSE
UMC Utrecht;2021;1.175,00;10.5334/gh.854;FALSE
UMC Utrecht;2021;1.175,00;10.5334/gh.863;FALSE
UMC Utrecht;2020;1.410,00;10.5334/gh.877;FALSE
UMC Utrecht;2022;1.386,50;10.5334/gh.897;FALSE
UMC Utrecht;2022;1.391,50;10.5334/joc.240;FALSE
UMC Utrecht;2024;1.000,00;10.5334/joc.373;FALSE
UMC Utrecht;2023;937;10.5334/pme.1069;FALSE
UMC Utrecht;2024;1.175,28;10.5334/pme.1261;FALSE
UMC Utrecht;2023;937;10.5334/pme.412;FALSE
UMC Utrecht;2023;937;10.5334/pme.842;FALSE
UMC Utrecht;2019;1.391,56;10.5751/ES-11014-240402;FALSE
UMC Utrecht;2019;1.067,58;10.5751/ES-11369-250116;FALSE
UMC Utrecht;2020;2.559,15;10.7554/eLife.58124;FALSE
UMC Utrecht;2021;2.489,58;10.7554/eLife.58410;FALSE
UMC Utrecht;2020;2.592,43;10.7554/eLife.61302;FALSE
UMC Utrecht;2020;2.528,90;10.7554/eLife.62067;FALSE
UMC Utrecht;2021;2.571,25;10.7554/eLife.67925;FALSE
UMC Utrecht;2021;3.205,29;10.7554/eLife.74387;FALSE
UMC Utrecht;2021;3.194,40;10.1089/cap.2021.0026;TRUE
UMC Utrecht;2023;3.315,40;10.1182/bloodadvances.2023011477;TRUE
UMC Utrecht;2023;995;10.1002/adma.202302749;TRUE
UMC Utrecht;2023;995;10.1002/admt.202370071;TRUE
UMC Utrecht;2024;1.890,00;10.1002/jev2.12389;TRUE
UMC Utrecht;2023;2.500,00;10.1002/ueg2.12426;TRUE
UMC Utrecht;2024;3.200,45;10.1007/S10533-024-01139-X;TRUE
UMC Utrecht;2022;3.321,45;10.1007/s11625-022-01276-y;TRUE
UMC Utrecht;2021;1.817,50;10.1007/s40259-021-00508-4;TRUE
UMC Utrecht;2024;3.079,45;10.1007/S40300-024-00284-5;TRUE
UMC Utrecht;2023;935,15;10.1016/j.ajo.2023.03.022;TRUE
UMC Utrecht;2023;3.279,10;10.1016/j.carpath.2022.107434;TRUE
UMC Utrecht;2020;2.330,00;10.1016/j.clnu.2020.09.009;TRUE
UMC Utrecht;2020;3.291,20;10.1016/j.cortex.2020.01.027;TRUE
UMC Utrecht;2019;1.875,50;10.1016/j.edurev.2019.05.003;TRUE
UMC Utrecht;2019;1.875,50;10.1016/j.edurev.2019.100291;TRUE
UMC Utrecht;2024;2.468,40;10.1016/j.ekir.2024.08.028;TRUE
UMC Utrecht;2019;3.291,20;10.1016/j.gca.2019.09.043;TRUE
UMC Utrecht;2019;3.230,70;10.1016/j.ijhcs.2019.07.004;TRUE
UMC Utrecht;2019;1.875,50;10.1016/j.jbtep.2019.03.001;TRUE
UMC Utrecht;2019;1.875,50;10.1016/j.jbtep.2019.101494;TRUE
UMC Utrecht;2023;2.400,00;10.1016/j.jcf.2023.04.003;TRUE
UMC Utrecht;2023;3.146,00;10.1016/j.molp.2023.06.001;TRUE
UMC Utrecht;2019;3.182,30;10.1016/j.palaeo.2019.109366;TRUE
UMC Utrecht;2020;1.875,50;10.1016/j.technovation.2020.102131;TRUE
UMC Utrecht;2021;2.420,00;10.1016/j.vprsr.2021.100570;TRUE
UMC Utrecht;2019;2.500,00;10.1027/1864-9335/a000380;TRUE
UMC Utrecht;2023;3.267,00;10.1037/dev0001579;TRUE
UMC Utrecht;2023;3.321,45;10.1037/met0000602;TRUE
UMC Utrecht;2023;3.326,60;10.1037/met0000651;TRUE
UMC Utrecht;2022;2.499,26;10.1044/2022_AJSLP-21-00328;TRUE
UMC Utrecht;2019;1.826,28;10.1049/iet-rpg.2018.6127;TRUE
UMC Utrecht;2020;3.133,90;10.1053/j.gastro.2020.07.036;TRUE
UMC Utrecht;2021;968;10.1055/s-0040-1722735;TRUE
UMC Utrecht;2023;1.840,00;10.1063/5.0146803;TRUE
UMC Utrecht;2019;1.788,32;10.1073/pnas.1812210116;TRUE
UMC Utrecht;2019;1.238,43;10.1073/pnas.1815767116;TRUE
UMC Utrecht;2019;1.820,45;10.1073/pnas.1817009115;TRUE
UMC Utrecht;2019;1.335,00;10.1073/pnas.1821809116;TRUE
UMC Utrecht;2019;1.232,87;10.1073/pnas.1821945116;TRUE
UMC Utrecht;2020;2.403,79;10.1073/pnas.1916244117;TRUE
UMC Utrecht;2020;1.403,12;10.1073/pnas.2002483117;TRUE
UMC Utrecht;2021;2.522,10;10.1073/pnas.2016772118;TRUE
UMC Utrecht;2022;2.385,28;10.1073/pnas.2112261118;TRUE
UMC Utrecht;2022;2.394,75;10.1073/pnas.2114002119;TRUE
UMC Utrecht;2022;3.128,21;10.1073/pnas.2119072119;TRUE
UMC Utrecht;2024;2.442,49;10.1073/pnas.2311265120;TRUE
UMC Utrecht;2020;1.195,87;10.1074/mcp.RA120.002094;TRUE
UMC Utrecht;2020;2.528,90;10.1086/708341;TRUE
UMC Utrecht;2020;2.430,00;10.1088/1361-6560/ab7630;TRUE
UMC Utrecht;2020;2.500,20;10.1088/1361-6560/abd66d;TRUE
UMC Utrecht;2021;2.500,20;10.1088/1361-6560/abe556;TRUE
UMC Utrecht;2024;3.312,00;10.1089/g4h.2023.0111;TRUE
UMC Utrecht;2023;1.200,00;10.1089/thy.2022.0453;TRUE
UMC Utrecht;2021;3.292,00;10.1093/cid/ciab934;TRUE
UMC Utrecht;2023;945;10.1093/ejendo/lvad058;TRUE
UMC Utrecht;2023;1.865,00;10.1093/exposome/osac009;TRUE
UMC Utrecht;2023;1.821,00;10.1093/exposome/osad004;TRUE
UMC Utrecht;2023;3.045,00;10.1093/gji/ggad066;TRUE
UMC Utrecht;2021;3.158,00;10.1093/jn/nxaa445;TRUE
UMC Utrecht;2022;3.286,36;10.1093/mnras/stac1988;TRUE
UMC Utrecht;2022;2.342,00;10.1093/ndt/gfac019;TRUE
UMC Utrecht;2023;1.050,00;10.1093/neuonc/noac236;TRUE
UMC Utrecht;2020;3.300,00;10.1097/CCM.0000000000004221;TRUE
UMC Utrecht;2022;3.273,60;10.1097/INF.0000000000003747;TRUE
UMC Utrecht;2022;1.395,00;10.1097/ONO.0000000000000019;TRUE
UMC Utrecht;2021;1.882,03;10.1098/rsnr.2020.0072;TRUE
UMC Utrecht;2021;2.468,40;10.1098/rspb.2021.2027;TRUE
UMC Utrecht;2022;2.468,40;10.1098/rspb.2021.2623;TRUE
UMC Utrecht;2024;1.851,30;10.1098/rspb.2023.2559;TRUE
UMC Utrecht;2024;2.406,98;10.1098/rspb.2023.2730;TRUE
UMC Utrecht;2023;1.933,47;10.1098/rsta.2022.0018;TRUE
UMC Utrecht;2023;2.468,40;10.1098/rsta.2023.0161;TRUE
UMC Utrecht;2020;2.468,40;10.1098/rstb.2019.0271;TRUE
UMC Utrecht;2021;2.468,40;10.1098/rstb.2020.0248;TRUE
UMC Utrecht;2020;3.085,50;10.1099/jgv.0.001408;TRUE
UMC Utrecht;2019;1.907,57;10.1186/s12862-019-1512-2;TRUE
UMC Utrecht;2020;1.884,44;10.1109/TSTE.2020.2969292;TRUE
UMC Utrecht;2021;3.049,20;10.1111/1467-8675.12381;TRUE
UMC Utrecht;2020;1.875,50;10.1111/bjop.12492;TRUE
UMC Utrecht;2023;2.500,00;10.1124/pharmrev.123.000841;TRUE
UMC Utrecht;2021;3.146,00;10.1127/nos/2022/0684;TRUE
UMC Utrecht;2023;3.146,00;10.1127/nos/2023/0749;TRUE
UMC Utrecht;2020;2.547,05;10.1128/JCM.01689-20;TRUE
UMC Utrecht;2019;2.570,04;10.1128/JVI.00067-19;TRUE
UMC Utrecht;2024;982,79;10.1128/mra.01153-23;TRUE
UMC Utrecht;2022;3.176,25;10.1136/ard-2022-222728;TRUE
UMC Utrecht;2021;1.875,00;10.1136/bjophthalmol-2021-318804;TRUE
UMC Utrecht;2024;3.211,58;10.1136/bmjopen-2023-074818;TRUE
UMC Utrecht;2024;2.549,00;10.1136/bmjph-2024-001074;TRUE
UMC Utrecht;2021;2.541,00;10.1136/heartjnl-2021-319229;TRUE
UMC Utrecht;2021;2.421,77;10.1136/heartjnl-2021-319332;TRUE
UMC Utrecht;2020;2.562,20;10.1136/oemed-2020-106624;TRUE
UMC Utrecht;2023;975;10.1152/ajprenal.00286.2022;TRUE
UMC Utrecht;2023;2.500,00;10.1155/2023/2368500;TRUE
UMC Utrecht;2023;2.500,00;10.1155/2023/8743882;TRUE
UMC Utrecht;2022;1.406,16;10.1158/0008-5472.CAN-21-0933;TRUE
UMC Utrecht;2020;2.359,50;10.1163/22134913-20191131;TRUE
UMC Utrecht;2023;1.261,79;10.1175/JAMC-D-21-0045.1;TRUE
UMC Utrecht;2024;1.094,03;10.1177/15701255241297107;TRUE
UMC Utrecht;2022;2.325,00;10.1182/blood.2021012835;TRUE
UMC Utrecht;2021;3.105,00;10.1182/bloodadvances.2020002444;TRUE
UMC Utrecht;2021;3.105,00;10.1182/bloodadvances.2020003824;TRUE
UMC Utrecht;2023;1.239,04;10.1186/s42055-023-00064-5;TRUE
UMC Utrecht;2023;3.288,87;10.1190/geo2022-0241.1;TRUE
UMC Utrecht;2024;3.266,00;10.1212/NXI.0000000000200339;TRUE
UMC Utrecht;2019;2.430,00;10.1353/book.67902;TRUE
UMC Utrecht;2019;1.807,15;10.1364/BOE.382023;TRUE
UMC Utrecht;2020;3.044,54;10.1364/JOSAB.384110;TRUE
UMC Utrecht;2019;1.819,41;10.1364/OL.44.001856;TRUE
UMC Utrecht;2019;1.087,90;10.1523/JNEUROSCI.0215-19.2019;TRUE
UMC Utrecht;2022;3.255,00;10.2217/rme-2022-0019;TRUE
UMC Utrecht;2022;1.103,30;10.29337/ijsp.180;TRUE
UMC Utrecht;2024;3.246,56;10.3138/jvme-2022-0071;TRUE
UMC Utrecht;2021;1.799,88;10.3168/jds.2020-19133;TRUE
UMC Utrecht;2021;1.832,88;10.3168/jds.2020-19786;TRUE
UMC Utrecht;2021;1.832,88;10.3168/jds.2020-20063;TRUE
UMC Utrecht;2021;1.901,81;10.3168/jds.2021-20613;TRUE
UMC Utrecht;2024;1.182,20;10.3389/feduc.2024.1452111;TRUE
UMC Utrecht;2024;3.031,40;10.3389/fneur.2024.1376826;TRUE
UMC Utrecht;2021;1.900,00;10.3389/fopht.2021.784848;TRUE
UMC Utrecht;2022;3.244,68;10.3389/fpsyt.2022.834291;TRUE
UMC Utrecht;2020;2.591,09;10.3389/fpubh.2020.528472;TRUE
UMC Utrecht;2021;1.008,05;10.3390/ejihpe11010015;TRUE
UMC Utrecht;2023;2.523,20;10.3390/ijerph20105847;TRUE
UMC Utrecht;2023;2.304,26;10.3390/ijerph20136320;TRUE
UMC Utrecht;2024;1.235,14;10.3390/nu16193384;TRUE
UMC Utrecht;2024;2.399,16;10.3399/BJGP.2023.0547;TRUE
UMC Utrecht;2021;3.200,45;10.3758/s13428-021-01723-1;TRUE
UMC Utrecht;2021;3.200,45;10.3758/s13428-021-01737-9;TRUE
UMC Utrecht;2020;1.869,80;10.4018/IJSR.20190701.oa1;TRUE
UMC Utrecht;2020;1.893,89;10.47829/JJGH.2020.41103;TRUE
UMC Utrecht;2019;1.078,00;10.5194/cp-2018-42;TRUE
UMC Utrecht;2022;1.304,38;10.5194/egusphere-2022-426;TRUE
UMC Utrecht;2024;1.397,55;10.5194/egusphere-2023-2661;TRUE
UMC Utrecht;2024;1.175,28;10.5334/pme.1242;TRUE
UMC Utrecht;2021;1.112,09;10.12688/f1000research.54159.1;TRUE
UMC Utrecht;2021;2.507,20;10.1128/mSphere.00523-21;FALSE
UMC Utrecht;2022;3.097,50;10.1136/bmj-2021-069881;TRUE
UMC Utrecht;2021;2.317,94;10.1136/ejhpharm-2021-002781;TRUE
UMC Utrecht;2024;2.448,03;10.3390/v16071031;FALSE
UMC Utrecht;2024;1.005,27;10.53555/03276716.2024.01;FALSE
