"institution","period","euro","doi","is_hybrid","opt_out","publisher","journal_full_title","issn","issn_print","issn_electronic","issn_l","license_ref","indexed_in_crossref","pmid","pmcid","ut","url","doaj","agreement","group_id"
"Augsburg U",2024,NA,"10.1007/s10554-023-03040-4",TRUE,FALSE,"Springer Nature","The International Journal of Cardiovascular Imaging","1875-8312",NA,"1875-8312","1569-5794","https://creativecommons.org/licenses/by/4.0",TRUE,"38175389","PMC11052824",NA,NA,FALSE,"sn2024deal","03p14d497_sn2024deal_2024"
"Augsburg U",2024,NA,"10.1007/s44266-023-00169-2",TRUE,FALSE,"Springer Nature","Zeitschrift für Allgemeinmedizin","1433-6251","1433-6251","1439-9229","1433-6251","https://creativecommons.org/licenses/by/4.0",TRUE,NA,NA,NA,NA,FALSE,"sn2024deal","03p14d497_sn2024deal_2024"
"Augsburg U",2024,NA,"10.1007/s13347-024-00697-0",TRUE,FALSE,"Springer Nature","Philosophy & Technology","2210-5433","2210-5433","2210-5441","2210-5433","https://creativecommons.org/licenses/by/4.0",TRUE,NA,NA,NA,NA,FALSE,"sn2024deal","03p14d497_sn2024deal_2024"
"Augsburg U",2024,NA,"10.1007/s12662-023-00938-y",TRUE,FALSE,"Springer Nature","German Journal of Exercise and Sport Research","2509-3142","2509-3142","2509-3150","2509-3150","https://creativecommons.org/licenses/by/4.0",TRUE,NA,NA,NA,NA,FALSE,"sn2024deal","03p14d497_sn2024deal_2024"
"Augsburg U",2024,NA,"10.1063/5.0187729",TRUE,FALSE,"AIP Publishing","The Journal of Chemical Physics","0021-9606","0021-9606","1089-7690","0021-9606","https://creativecommons.org/licenses/by/4.0/",TRUE,"38341686",NA,NA,NA,FALSE,"aip2024tib","03p14d497_aip2024tib_2024"
"Augsburg U",2024,NA,"10.1016/j.gloenvcha.2024.102803",TRUE,FALSE,"Elsevier BV","Global Environmental Change","0959-3780","0959-3780",NA,"0959-3780","http://creativecommons.org/licenses/by/4.0/",TRUE,NA,NA,NA,NA,FALSE,"els2023deal","03p14d497_els2023deal_2024"
"Augsburg U",2024,NA,"10.1063/5.0189533",TRUE,FALSE,"AIP Publishing","The Journal of Chemical Physics","0021-9606","0021-9606","1089-7690","0021-9606","https://creativecommons.org/licenses/by/4.0/",TRUE,"38380750",NA,NA,NA,FALSE,"aip2024tib","03p14d497_aip2024tib_2024"
"Augsburg U",2024,NA,"10.1007/s00277-024-05627-w",TRUE,FALSE,"Springer Nature","Annals of Hematology","0939-5555","0939-5555","1432-0584","0939-5555","https://creativecommons.org/licenses/by/4.0",TRUE,"38308707","PMC11009732",NA,NA,TRUE,"sn2024deal","03p14d497_sn2024deal_2024"
"Augsburg U",2024,NA,"10.1111/bioe.13266",TRUE,FALSE,"Wiley-Blackwell","Bioethics","0269-9702","0269-9702","1467-8519","0269-9702","http://creativecommons.org/licenses/by-nc/4.0/",TRUE,"38193584",NA,NA,NA,FALSE,"wiley2024deal","03p14d497_wiley2024deal_2024"
"Augsburg U",2024,NA,"10.1007/s12028-023-01933-9",TRUE,FALSE,"Springer Nature","Neurocritical Care","1541-6933","1541-6933","1556-0961","1541-6933","https://creativecommons.org/licenses/by/4.0",TRUE,"38291277","PMC11335838",NA,NA,FALSE,"sn2024deal","03p14d497_sn2024deal_2024"
"Augsburg U",2024,NA,"10.1007/s11547-024-01773-3",TRUE,FALSE,"Springer Nature","La radiologia medica","1826-6983",NA,"1826-6983","0033-8362","https://creativecommons.org/licenses/by/4.0",TRUE,"38319495","PMC10943147",NA,NA,FALSE,"sn2024deal","03p14d497_sn2024deal_2024"
"Augsburg U",2024,NA,"10.1016/j.econlet.2024.111553",TRUE,FALSE,"Elsevier BV","Economics Letters","0165-1765","0165-1765",NA,"0165-1765","http://creativecommons.org/licenses/by-nc-nd/4.0/",TRUE,NA,NA,NA,NA,FALSE,"els2023deal","03p14d497_els2023deal_2024"
"Augsburg U",2024,NA,"10.1016/j.cjca.2024.01.019",TRUE,FALSE,"Elsevier BV","Canadian Journal of Cardiology","0828-282X","0828-282X",NA,"0828-282X","http://creativecommons.org/licenses/by-nc-nd/4.0/",TRUE,"38278322",NA,NA,NA,FALSE,"els2023deal","03p14d497_els2023deal_2024"
"Augsburg U",2024,NA,"10.1007/s13347-024-00716-0",TRUE,FALSE,"Springer Nature","Philosophy & Technology","2210-5433","2210-5433","2210-5441","2210-5433","https://creativecommons.org/licenses/by/4.0",TRUE,NA,NA,NA,NA,FALSE,"sn2024deal","03p14d497_sn2024deal_2024"
"Augsburg U",2024,NA,"10.1002/pbc.30910",TRUE,FALSE,"Wiley-Blackwell","Pediatric Blood & Cancer","1545-5009","1545-5009","1545-5017","1545-5009","http://creativecommons.org/licenses/by-nc/4.0/",TRUE,"38342954",NA,NA,NA,FALSE,"wiley2024deal","03p14d497_wiley2024deal_2024"
"Augsburg U",2024,NA,"10.1007/s00330-024-10675-x",TRUE,FALSE,"Springer Nature","European Radiology","1432-1084",NA,"1432-1084","0938-7994","https://creativecommons.org/licenses/by/4.0",TRUE,"38480567","PMC11364581",NA,NA,FALSE,"sn2024deal","03p14d497_sn2024deal_2024"
"Augsburg U",2024,NA,"10.1016/j.jaut.2024.103187",TRUE,FALSE,"Elsevier BV","Journal of Autoimmunity","0896-8411","0896-8411",NA,"0896-8411","http://creativecommons.org/licenses/by/4.0/",TRUE,"38428110",NA,NA,NA,FALSE,"els2023deal","03p14d497_els2023deal_2024"
"Augsburg U",2024,NA,"10.1007/s10884-024-10351-0",TRUE,FALSE,"Springer Nature","Journal of Dynamics and Differential Equations","1040-7294","1040-7294","1572-9222","1040-7294","https://creativecommons.org/licenses/by/4.0",TRUE,NA,NA,NA,NA,FALSE,"sn2024deal","03p14d497_sn2024deal_2024"
"Augsburg U",2024,NA,"10.1016/j.ejso.2024.108051",TRUE,FALSE,"Elsevier BV","European Journal of Surgical Oncology","0748-7983","0748-7983",NA,"0748-7983","http://creativecommons.org/licenses/by-nc-nd/4.0/",TRUE,"38430702",NA,NA,NA,FALSE,"els2023deal","03p14d497_els2023deal_2024"
"Augsburg U",2024,NA,"10.1007/s00270-023-03655-z",TRUE,FALSE,"Springer Nature","CardioVascular and Interventional Radiology","0174-1551","0174-1551","1432-086X","0174-1551","https://creativecommons.org/licenses/by/4.0",TRUE,"38453812","PMC10997677",NA,NA,FALSE,"sn2024deal","03p14d497_sn2024deal_2024"
"Augsburg U",2024,NA,"10.1007/s11218-024-09888-1",TRUE,FALSE,"Springer Nature","Social Psychology of Education","1381-2890","1381-2890","1573-1928","1381-2890","https://creativecommons.org/licenses/by/4.0",TRUE,NA,NA,NA,NA,FALSE,"sn2024deal","03p14d497_sn2024deal_2024"
"Augsburg U",2024,NA,"10.1002/mde.4174",TRUE,FALSE,"Wiley-Blackwell","Managerial and Decision Economics","0143-6570","0143-6570","1099-1468","0143-6570","http://creativecommons.org/licenses/by-nc/4.0/",TRUE,NA,NA,NA,NA,FALSE,"wiley2024deal","03p14d497_wiley2024deal_2024"
"Augsburg U",2024,NA,"10.1016/j.solener.2024.112413",TRUE,FALSE,"Elsevier BV","Solar Energy","0038-092X","0038-092X",NA,"0038-092X","http://creativecommons.org/licenses/by/4.0/",TRUE,NA,NA,NA,NA,FALSE,"els2023deal","03p14d497_els2023deal_2024"
"Augsburg U",2024,6901.5,"10.1016/j.trecan.2024.02.011",TRUE,FALSE,"Elsevier BV","Trends in Cancer","2405-8033","2405-8033",NA,"2405-8025","http://creativecommons.org/licenses/by-nc/4.0/",TRUE,"38503638",NA,NA,NA,FALSE,"els2023deal","03p14d497_els2023deal_2024"
"Augsburg U",2024,NA,"10.1007/s00291-024-00752-4",TRUE,FALSE,"Springer Nature","OR Spectrum","0171-6468","0171-6468","1436-6304","0171-6468","https://creativecommons.org/licenses/by/4.0",TRUE,NA,NA,NA,NA,FALSE,"sn2024deal","03p14d497_sn2024deal_2024"
"Augsburg U",2024,NA,"10.1112/blms.13025",TRUE,FALSE,"Wiley-Blackwell","Bulletin of the London Mathematical Society","0024-6093","0024-6093","1469-2120","0024-6093","http://creativecommons.org/licenses/by/4.0/",TRUE,NA,NA,NA,NA,FALSE,"wiley2024deal","03p14d497_wiley2024deal_2024"
"Augsburg U",2024,NA,"10.1007/s10746-024-09710-z",TRUE,FALSE,"Springer Nature","Human Studies","0163-8548","0163-8548","1572-851X","0163-8548","https://creativecommons.org/licenses/by/4.0",TRUE,NA,NA,NA,NA,FALSE,"sn2024deal","03p14d497_sn2024deal_2024"
"Augsburg U",2024,NA,"10.1016/j.gie.2024.03.013",TRUE,FALSE,"Elsevier BV","Gastrointestinal Endoscopy","0016-5107","0016-5107",NA,"0016-5107","http://creativecommons.org/licenses/by-nc-nd/4.0/",TRUE,"38479623",NA,NA,NA,FALSE,"els2023deal","03p14d497_els2023deal_2024"
"Augsburg U",2024,NA,"10.1002/nme.7478",TRUE,FALSE,"Wiley-Blackwell","International Journal for Numerical Methods in Engineering","0029-5981","0029-5981","1097-0207","0029-5981","http://creativecommons.org/licenses/by/4.0/",TRUE,NA,NA,NA,NA,FALSE,"wiley2024deal","03p14d497_wiley2024deal_2024"
"Augsburg U",2024,NA,"10.1007/s00332-024-10018-6",TRUE,FALSE,"Springer Nature","Journal of Nonlinear Science","0938-8974","0938-8974","1432-1467","0938-8974","https://creativecommons.org/licenses/by/4.0",TRUE,NA,NA,NA,NA,FALSE,"sn2024deal","03p14d497_sn2024deal_2024"
"Augsburg U",2024,NA,"10.1016/j.jde.2024.02.056",TRUE,FALSE,"Elsevier BV","Journal of Differential Equations","0022-0396","0022-0396",NA,"0022-0396","http://creativecommons.org/licenses/by/4.0/",TRUE,NA,NA,NA,NA,FALSE,"els2023deal","03p14d497_els2023deal_2024"
"Augsburg U",2024,NA,"10.1057/s41260-023-00345-w",TRUE,FALSE,"Springer Nature","Journal of Asset Management","1470-8272","1470-8272","1479-179X","1470-8272","https://creativecommons.org/licenses/by/4.0",TRUE,NA,NA,NA,NA,FALSE,"sn2024deal","03p14d497_sn2024deal_2024"
"Augsburg U",2024,NA,"10.1007/s10961-024-10080-y",TRUE,FALSE,"Springer Nature","The Journal of Technology Transfer","0892-9912","0892-9912","1573-7047","0892-9912","https://creativecommons.org/licenses/by/4.0",TRUE,NA,NA,NA,NA,FALSE,"sn2024deal","03p14d497_sn2024deal_2024"
"Augsburg U",2024,NA,"10.1007/s13324-024-00891-5",TRUE,FALSE,"Springer Nature","Analysis and Mathematical Physics","1664-2368","1664-2368","1664-235X","1664-2368","https://creativecommons.org/licenses/by/4.0",TRUE,NA,NA,NA,NA,FALSE,"sn2024deal","03p14d497_sn2024deal_2024"
"Augsburg U",2024,NA,"10.1007/s11222-024-10420-w",TRUE,FALSE,"Springer Nature","Statistics and Computing","0960-3174","0960-3174","1573-1375","0960-3174","https://creativecommons.org/licenses/by/4.0",TRUE,NA,NA,NA,NA,FALSE,"sn2024deal","03p14d497_sn2024deal_2024"
"",,,"","","","","","","","","","","","","","","","","",""
"Augsburg U",2024,NA,"10.1016/j.wneu.2024.03.062",TRUE,FALSE,"Elsevier BV","World Neurosurgery","1878-8750","1878-8750",NA,"1878-8750","http://creativecommons.org/licenses/by/4.0/",TRUE,"38514031",NA,NA,NA,FALSE,"els2023deal","03p14d497_els2023deal_2024"
"Augsburg U",2024,NA,"10.1111/sum.13030",TRUE,FALSE,"Wiley-Blackwell","Soil Use and Management","0266-0032","0266-0032","1475-2743","0266-0032","http://creativecommons.org/licenses/by-nc-nd/4.0/",TRUE,NA,NA,NA,NA,FALSE,"wiley2024deal","03p14d497_wiley2024deal_2024"
"Augsburg U",2024,NA,"10.1111/1748-8583.12550",TRUE,FALSE,"Wiley-Blackwell","Human Resource Management Journal","0954-5395","0954-5395","1748-8583","0954-5395","http://creativecommons.org/licenses/by-nc-nd/4.0/",TRUE,NA,NA,NA,NA,FALSE,"wiley2024deal","03p14d497_wiley2024deal_2024"
"",,,"","","","","","","","","","","","","","","","","",""
"Augsburg U",2024,NA,"10.1016/j.jpsychires.2024.03.019",TRUE,FALSE,"Elsevier BV","Journal of Psychiatric Research","0022-3956","0022-3956",NA,"0022-3956","http://creativecommons.org/licenses/by-nc-nd/4.0/",TRUE,"38531143",NA,NA,NA,FALSE,"els2023deal","03p14d497_els2023deal_2024"
"Augsburg U",2024,NA,"10.1016/j.compstruct.2024.118084",TRUE,FALSE,"Elsevier BV","Composite Structures","0263-8223","0263-8223",NA,"0263-8223","http://creativecommons.org/licenses/by-nc-nd/4.0/",TRUE,NA,NA,NA,NA,FALSE,"els2023deal","03p14d497_els2023deal_2024"
"Augsburg U",2024,NA,"10.1038/s41431-024-01608-9",TRUE,FALSE,"Springer Nature","European Journal of Human Genetics","1018-4813","1018-4813","1476-5438","1018-4813","https://creativecommons.org/licenses/by/4.0",TRUE,"38627540","PMC11153602",NA,NA,FALSE,"sn2024deal","03p14d497_sn2024deal_2024"
"Augsburg U",2024,NA,"10.1111/sjos.12714",TRUE,FALSE,"Wiley-Blackwell","Scandinavian Journal of Statistics","0303-6898","0303-6898","1467-9469","0303-6898","http://creativecommons.org/licenses/by-nc-nd/4.0/",TRUE,NA,NA,NA,NA,FALSE,"wiley2024deal","03p14d497_wiley2024deal_2024"
"Augsburg U",2024,NA,"10.1063/5.0191237",TRUE,FALSE,"AIP Publishing","The Journal of Chemical Physics","0021-9606","0021-9606","1089-7690","0021-9606","https://creativecommons.org/licenses/by/4.0/",TRUE,"38597318",NA,NA,NA,FALSE,"aip2024tib","03p14d497_aip2024tib_2024"
"Augsburg U",2024,NA,"10.1016/j.ic.2024.105164",TRUE,FALSE,"Elsevier BV","Information and Computation","0890-5401","0890-5401",NA,"0890-5401","http://creativecommons.org/licenses/by-nc-nd/4.0/",TRUE,NA,NA,NA,NA,FALSE,"els2023deal","03p14d497_els2023deal_2024"
"",,,"","","","","","","","","","","","","","","","","",""
"Augsburg U",2024,NA,"10.1057/s41272-024-00486-6",TRUE,FALSE,"Springer Nature","Journal of Revenue and Pricing Management","1476-6930","1476-6930","1477-657X","1476-6930","https://creativecommons.org/licenses/by/4.0",TRUE,NA,NA,NA,NA,FALSE,"sn2024deal","03p14d497_sn2024deal_2024"
"Augsburg U",2024,NA,"10.1016/j.landusepol.2024.107159",TRUE,FALSE,"Elsevier BV","Land Use Policy","0264-8377","0264-8377",NA,"0264-8377","http://creativecommons.org/licenses/by/4.0/",TRUE,NA,NA,NA,NA,FALSE,"els2023deal","03p14d497_els2023deal_2024"
"Augsburg U",2024,NA,"10.1007/s42048-024-00183-4",TRUE,FALSE,"Springer Nature","Zeitschrift für Ethik und Moralphilosophie","2522-0071",NA,"2522-0071","2522-0063","https://creativecommons.org/licenses/by/4.0",TRUE,NA,NA,NA,NA,FALSE,"sn2024deal","03p14d497_sn2024deal_2024"
"Augsburg U",2024,NA,"10.1016/j.cbi.2024.111006",TRUE,FALSE,"Elsevier BV","Chemico-Biological Interactions","0009-2797","0009-2797",NA,"0009-2797","http://creativecommons.org/licenses/by-nc-nd/4.0/",TRUE,"38636792",NA,NA,NA,FALSE,"els2023deal","03p14d497_els2023deal_2024"
"Augsburg U",2024,NA,"10.1016/j.lindif.2024.102446",TRUE,FALSE,"Elsevier BV","Learning & Individual Differences","1041-6080","1041-6080",NA,"1041-6080","http://creativecommons.org/licenses/by/4.0/",TRUE,NA,NA,NA,NA,FALSE,"els2023deal","03p14d497_els2023deal_2024"
"Augsburg U",2024,NA,"10.1007/s11623-024-1922-1",TRUE,FALSE,"Springer Nature","Datenschutz und Datensicherheit - DuD","1614-0702","1614-0702","1862-2607","1614-0702","https://creativecommons.org/licenses/by/4.0",TRUE,NA,NA,NA,NA,FALSE,"sn2024deal","03p14d497_sn2024deal_2024"
"Augsburg U",2024,NA,"10.1007/s11060-024-04688-1",TRUE,FALSE,"Springer Nature","Journal of Neuro-Oncology","0167-594X","0167-594X","1573-7373","0167-594X","https://creativecommons.org/licenses/by/4.0",TRUE,"38652400","PMC11186943",NA,NA,FALSE,"sn2024deal","03p14d497_sn2024deal_2024"
"Augsburg U",2024,NA,"10.1007/s00423-024-03328-6",TRUE,FALSE,"Springer Nature","Langenbeck's Archives of Surgery","1435-2451",NA,"1435-2451","1435-2443","https://creativecommons.org/licenses/by/4.0",TRUE,"38684518","PMC11059005",NA,NA,FALSE,"sn2024deal","03p14d497_sn2024deal_2024"
"Augsburg U",2024,NA,"10.1002/rfe.1196",TRUE,FALSE,"Wiley-Blackwell","Review of Financial Economics","1058-3300","1058-3300","1873-5924","1058-3300","http://creativecommons.org/licenses/by-nc/4.0/",TRUE,NA,NA,NA,NA,FALSE,"wiley2024deal","03p14d497_wiley2024deal_2024"
"Augsburg U",2024,NA,"10.1016/j.cie.2024.110176",TRUE,FALSE,"Elsevier BV","Computers & Industrial Engineering","0360-8352","0360-8352",NA,"0360-8352","http://creativecommons.org/licenses/by/4.0/",TRUE,NA,NA,NA,NA,FALSE,"els2023deal","03p14d497_els2023deal_2024"
"",,,"","","","","","","","","","","","","","","","","",""
"Augsburg U",2024,NA,"10.1038/s41431-024-01612-z",TRUE,FALSE,"Springer Nature","European Journal of Human Genetics","1018-4813","1018-4813","1476-5438","1018-4813","https://creativecommons.org/licenses/by/4.0",TRUE,"38678162","PMC11839981",NA,NA,FALSE,"sn2024deal","03p14d497_sn2024deal_2024"
"Augsburg U",2024,6901.5,"10.1016/j.tips.2024.04.011",TRUE,FALSE,"Elsevier BV","Trends in Pharmacological Sciences","0165-6147","0165-6147",NA,"0165-6147","http://creativecommons.org/licenses/by/4.0/",TRUE,"38734500",NA,NA,NA,FALSE,"els2023deal","03p14d497_els2023deal_2024"
"Augsburg U",2024,NA,"10.1007/s00208-024-02883-z",TRUE,FALSE,"Springer Nature","Mathematische Annalen","0025-5831","0025-5831","1432-1807","0025-5831","https://creativecommons.org/licenses/by/4.0",TRUE,NA,NA,NA,NA,FALSE,"sn2024deal","03p14d497_sn2024deal_2024"
"Augsburg U",2024,NA,"10.1007/s11616-024-00841-y",TRUE,FALSE,"Springer Nature","Publizistik","0033-4006","0033-4006","1862-2569","0033-4006","https://creativecommons.org/licenses/by/4.0",TRUE,NA,NA,NA,NA,FALSE,"sn2024deal","03p14d497_sn2024deal_2024"
"Augsburg U",2024,NA,"10.1007/s00394-024-03411-0",TRUE,FALSE,"Springer Nature","European Journal of Nutrition","1436-6207","1436-6207","1436-6215","1436-6207","https://creativecommons.org/licenses/by/4.0",TRUE,"38714546","PMC11377363",NA,NA,FALSE,"sn2024deal","03p14d497_sn2024deal_2024"
"Augsburg U",2024,NA,"10.1016/j.cor.2024.106686",TRUE,FALSE,"Elsevier BV","Computers & Operations Research","0305-0548","0305-0548",NA,"0305-0548","http://creativecommons.org/licenses/by/4.0/",TRUE,NA,NA,NA,NA,FALSE,"els2023deal","03p14d497_els2023deal_2024"
"Augsburg U",2024,NA,"10.1007/s11623-024-1924-z",TRUE,FALSE,"Springer Nature","Datenschutz und Datensicherheit - DuD","1614-0702","1614-0702","1862-2607","1614-0702","https://creativecommons.org/licenses/by/4.0",TRUE,NA,NA,NA,NA,FALSE,"sn2024deal","03p14d497_sn2024deal_2024"
"Augsburg U",2024,NA,"10.1007/s11623-024-1926-x",TRUE,FALSE,"Springer Nature","Datenschutz und Datensicherheit - DuD","1614-0702","1614-0702","1862-2607","1614-0702","https://creativecommons.org/licenses/by/4.0",TRUE,NA,NA,NA,NA,FALSE,"sn2024deal","03p14d497_sn2024deal_2024"
"Augsburg U",2024,NA,"10.1007/s11623-024-1938-6",TRUE,FALSE,"Springer Nature","Datenschutz und Datensicherheit - DuD","1614-0702","1614-0702","1862-2607","1614-0702","https://creativecommons.org/licenses/by/4.0",TRUE,NA,NA,NA,NA,FALSE,"sn2024deal","03p14d497_sn2024deal_2024"
"Augsburg U",2024,NA,"10.1007/s11623-024-1925-y",TRUE,FALSE,"Springer Nature","Datenschutz und Datensicherheit - DuD","1614-0702","1614-0702","1862-2607","1614-0702","https://creativecommons.org/licenses/by/4.0",TRUE,NA,NA,NA,NA,FALSE,"sn2024deal","03p14d497_sn2024deal_2024"
"Augsburg U",2024,NA,"10.1007/s11623-024-1927-9",TRUE,FALSE,"Springer Nature","Datenschutz und Datensicherheit - DuD","1614-0702","1614-0702","1862-2607","1614-0702","https://creativecommons.org/licenses/by/4.0",TRUE,NA,NA,NA,NA,FALSE,"sn2024deal","03p14d497_sn2024deal_2024"
"Augsburg U",2024,NA,"10.1007/s11623-024-1923-0",TRUE,FALSE,"Springer Nature","Datenschutz und Datensicherheit - DuD","1614-0702","1614-0702","1862-2607","1614-0702","https://creativecommons.org/licenses/by/4.0",TRUE,NA,NA,NA,NA,FALSE,"sn2024deal","03p14d497_sn2024deal_2024"
"Augsburg U",2024,6901.5,"10.1016/j.matt.2024.04.024",TRUE,FALSE,"Elsevier BV","Matter","2590-2385","2590-2385",NA,"2590-2385","http://creativecommons.org/licenses/by-nc-nd/4.0/",TRUE,NA,NA,NA,NA,FALSE,"els2023deal","03p14d497_els2023deal_2024"
"Augsburg U",2024,NA,"10.1007/s00291-024-00768-w",TRUE,FALSE,"Springer Nature","OR Spectrum","0171-6468","0171-6468","1436-6304","0171-6468","https://creativecommons.org/licenses/by/4.0",TRUE,NA,NA,NA,NA,FALSE,"sn2024deal","03p14d497_sn2024deal_2024"
"Augsburg U",2024,NA,"10.1063/5.0209216",TRUE,FALSE,"AIP Publishing","Applied Physics Letters","0003-6951","0003-6951","1077-3118","0003-6951","https://creativecommons.org/licenses/by/4.0/",TRUE,NA,NA,NA,NA,FALSE,"aip2024tib","03p14d497_aip2024tib_2024"
"Augsburg U",2024,NA,"10.1016/j.envdev.2024.101004",TRUE,FALSE,"Elsevier BV","Environmental Development","2211-4645","2211-4645",NA,"2211-4645","http://creativecommons.org/licenses/by/4.0/",TRUE,NA,NA,NA,NA,FALSE,"els2023deal","03p14d497_els2023deal_2024"
"Augsburg U",2024,NA,"10.1016/j.bpg.2024.101918",TRUE,FALSE,"Elsevier BV","Best Practice & Research Clinical Gastroenterology","1521-6918","1521-6918",NA,"1521-6918","http://creativecommons.org/licenses/by-nc/4.0/",TRUE,"39209422",NA,NA,NA,FALSE,"els2023deal","03p14d497_els2023deal_2024"
"Augsburg U",2024,NA,"10.1017/apr.2023.52",TRUE,FALSE,"Cambridge University Press (CUP)","Advances in Applied Probability","0001-8678","0001-8678","1475-6064","0001-8678","https://creativecommons.org/licenses/by/4.0/",TRUE,NA,NA,NA,NA,FALSE,"degruy2023gac","03p14d497_degruy2023gac_2024"
"Augsburg U",2024,NA,"10.1515/jjzg-2024-0003",TRUE,FALSE,"Walter de Gruyter GmbH","Journal der Juristischen Zeitgeschichte","1868-8810","1863-9984","1868-8810","1863-9984","http://creativecommons.org/licenses/by/4.0",TRUE,NA,NA,NA,NA,FALSE,"cam2022gac","03p14d497_cam2022gac_2024"
"Augsburg U",2024,NA,"10.1016/j.learninstruc.2024.101948",TRUE,FALSE,"Elsevier BV","Learning and Instruction","0959-4752","0959-4752",NA,"0959-4752","http://creativecommons.org/licenses/by/4.0/",TRUE,NA,NA,NA,NA,FALSE,"els2023deal","03p14d497_els2023deal_2024"
"Augsburg U",2024,NA,"10.1016/j.dam.2024.04.016",TRUE,FALSE,"Elsevier BV","Discrete Applied Mathematics","0166-218X","0166-218X",NA,"0166-218X","http://creativecommons.org/licenses/by/4.0/",TRUE,NA,NA,NA,NA,FALSE,"els2023deal","03p14d497_els2023deal_2024"
"Augsburg U",2024,NA,"10.1111/bjep.12697",TRUE,FALSE,"Wiley-Blackwell","British Journal of Educational Psychology","0007-0998","0007-0998","2044-8279","0007-0998","http://creativecommons.org/licenses/by-nc-nd/4.0/",TRUE,"38888062","PMC11802964",NA,NA,FALSE,"wiley2024deal","03p14d497_wiley2024deal_2024"
"Augsburg U",2024,NA,"10.1007/s00403-024-03130-w",TRUE,FALSE,"Springer Nature","Archives of Dermatological Research","1432-069X",NA,"1432-069X","0340-3696","https://creativecommons.org/licenses/by/4.0",TRUE,"38850461","PMC11162389",NA,NA,FALSE,"sn2024deal","03p14d497_sn2024deal_2024"
"Augsburg U",2024,NA,"10.1007/s42278-024-00207-3",TRUE,FALSE,"Springer Nature","Zeitschrift für Grundschulforschung","1865-3553","1865-3553","2523-3181","1865-3553","https://creativecommons.org/licenses/by/4.0",TRUE,NA,NA,NA,NA,FALSE,"sn2024deal","03p14d497_sn2024deal_2024"
"Augsburg U",2024,NA,"10.1016/j.jclepro.2024.142721",TRUE,FALSE,"Elsevier BV","Journal of Cleaner Production","0959-6526","0959-6526",NA,"0959-6526","http://creativecommons.org/licenses/by/4.0/",TRUE,NA,NA,NA,NA,FALSE,"els2023deal","03p14d497_els2023deal_2024"
"Augsburg U",2024,NA,"10.1007/s00526-024-02752-2",TRUE,FALSE,"Springer Nature","Calculus of Variations and Partial Differential Equations","0944-2669","0944-2669","1432-0835","0944-2669","https://creativecommons.org/licenses/by/4.0",TRUE,NA,NA,NA,NA,FALSE,"sn2024deal","03p14d497_sn2024deal_2024"
"Augsburg U",2024,NA,"10.1111/1365-2664.14689",TRUE,FALSE,"Wiley-Blackwell","Journal of Applied Ecology","0021-8901","0021-8901","1365-2664","0021-8901","http://creativecommons.org/licenses/by/4.0/",TRUE,NA,NA,NA,NA,FALSE,"wiley2024deal","03p14d497_wiley2024deal_2024"
"Augsburg U",2024,NA,"10.1038/s41567-024-02566-1",TRUE,FALSE,"Springer Nature","Nature Physics","1745-2473","1745-2473","1745-2481","1745-2473","https://creativecommons.org/licenses/by/4.0",TRUE,"39282553","PMC11392813",NA,NA,FALSE,"sn2024deal","03p14d497_sn2024deal_2024"
"Augsburg U",2024,NA,"10.1007/s00393-024-01531-w",TRUE,FALSE,"Springer Nature","Zeitschrift für Rheumatologie","0340-1855","0340-1855","1435-1250","0340-1855","https://creativecommons.org/licenses/by/4.0",TRUE,"38874771","PMC11614925",NA,NA,FALSE,"sn2024deal","03p14d497_sn2024deal_2024"
"Augsburg U",2024,NA,"10.1007/s11156-024-01310-3",TRUE,FALSE,"Springer Nature","Review of Quantitative Finance and Accounting","0924-865X","0924-865X","1573-7179","0924-865X","https://creativecommons.org/licenses/by/4.0",TRUE,NA,NA,NA,NA,FALSE,"sn2024deal","03p14d497_sn2024deal_2024"
"Augsburg U",2024,NA,"10.1007/s00270-024-03777-y",TRUE,FALSE,"Springer Nature","CardioVascular and Interventional Radiology","0174-1551","0174-1551","1432-086X","0174-1551","https://creativecommons.org/licenses/by/4.0",TRUE,"38898147","PMC11239745",NA,NA,FALSE,"sn2024deal","03p14d497_sn2024deal_2024"
"Augsburg U",2024,NA,"10.1007/s00277-024-05850-5",TRUE,FALSE,"Springer Nature","Annals of Hematology","0939-5555","0939-5555","1432-0584","0939-5555","https://creativecommons.org/licenses/by/4.0",TRUE,"38900302",NA,NA,NA,TRUE,"sn2024deal","03p14d497_sn2024deal_2024"
"Augsburg U",2024,NA,"10.1007/s00062-024-01427-x",TRUE,FALSE,"Springer Nature","Clinical Neuroradiology","1869-1439","1869-1439","1869-1447","1869-1439","https://creativecommons.org/licenses/by/4.0",TRUE,"38918242","PMC11564309",NA,NA,FALSE,"sn2024deal","03p14d497_sn2024deal_2024"
"Augsburg U",2024,NA,"10.1007/s00405-024-08772-0",TRUE,FALSE,"Springer Nature","European Archives of Oto-Rhino-Laryngology","0937-4477","0937-4477","1434-4726","0937-4477","https://creativecommons.org/licenses/by/4.0",TRUE,"38977471","PMC11512908",NA,NA,FALSE,"sn2024deal","03p14d497_sn2024deal_2024"
"Augsburg U",2024,NA,"10.1515/jcde-2024-2002",TRUE,FALSE,"Walter de Gruyter GmbH","Journal of Contemporary Drama in English","2195-0164","2195-0156","2195-0164","2195-0156","http://creativecommons.org/licenses/by/4.0",TRUE,NA,NA,NA,NA,FALSE,"degruy2023gac","03p14d497_degruy2023gac_2024"
"Augsburg U",2024,NA,"10.1007/s11060-024-04691-6",TRUE,FALSE,"Springer Nature","Journal of Neuro-Oncology","0167-594X","0167-594X","1573-7373","0167-594X","https://creativecommons.org/licenses/by/4.0",TRUE,"38963657","PMC11269407",NA,NA,FALSE,"sn2024deal","03p14d497_sn2024deal_2024"
"Augsburg U",2024,NA,"10.1007/s00113-024-01455-9",TRUE,FALSE,"Springer Nature","Die Unfallchirurgie","2731-7021","2731-7021","2731-703X","2731-7021","https://creativecommons.org/licenses/by/4.0",TRUE,"38990311","PMC11286686",NA,NA,FALSE,"sn2024deal","03p14d497_sn2024deal_2024"
"Augsburg U",2024,NA,"10.1007/s10212-024-00874-x",TRUE,FALSE,"Springer Nature","European Journal of Psychology of Education","0256-2928","0256-2928","1878-5174","0256-2928","https://creativecommons.org/licenses/by/4.0",TRUE,NA,NA,NA,NA,FALSE,"sn2024deal","03p14d497_sn2024deal_2024"
"Augsburg U",2024,NA,"10.1016/j.aip.2024.102187",TRUE,FALSE,"Elsevier BV","The Arts in Psychotherapy","0197-4556","0197-4556",NA,"0197-4556","http://creativecommons.org/licenses/by-nc/4.0/",TRUE,NA,NA,NA,NA,FALSE,"els2023deal","03p14d497_els2023deal_2024"
"Augsburg U",2024,NA,"10.1007/s00259-024-06834-3",TRUE,FALSE,"Springer Nature","European Journal of Nuclear Medicine and Molecular Imaging","1619-7070","1619-7070","1619-7089","1619-7070","https://creativecommons.org/licenses/by/4.0",TRUE,"39008062","PMC11599369",NA,NA,FALSE,"sn2024deal","03p14d497_sn2024deal_2024"
"Augsburg U",2024,NA,"10.1016/j.jri.2024.104296",TRUE,FALSE,"Elsevier BV","Journal of Reproductive Immunology","0165-0378","0165-0378",NA,"0165-0378","http://creativecommons.org/licenses/by/4.0/",TRUE,"38972269",NA,NA,NA,FALSE,"els2023deal","03p14d497_els2023deal_2024"
"Augsburg U",2024,NA,"10.1007/s10845-024-02452-w",TRUE,FALSE,"Springer Nature","Journal of Intelligent Manufacturing","0956-5515","0956-5515","1572-8145","0956-5515","https://creativecommons.org/licenses/by/4.0",TRUE,NA,NA,NA,NA,FALSE,"sn2024deal","03p14d497_sn2024deal_2024"
"Augsburg U",2024,NA,"10.1515/ip-2024-4004",TRUE,FALSE,"Walter de Gruyter GmbH","Intercultural Pragmatics","1612-295X","1612-295X","1613-365X","1612-295X","http://creativecommons.org/licenses/by/4.0",TRUE,NA,NA,NA,NA,FALSE,"degruy2023gac","03p14d497_degruy2023gac_2024"
"Augsburg U",2024,NA,"10.1007/s00405-024-08869-6",TRUE,FALSE,"Springer Nature","European Archives of Oto-Rhino-Laryngology","0937-4477","0937-4477","1434-4726","0937-4477","https://creativecommons.org/licenses/by/4.0",TRUE,"39095537","PMC11564391",NA,NA,FALSE,"sn2024deal","03p14d497_sn2024deal_2024"
"Augsburg U",2024,NA,"10.1016/j.jco.2024.101887",TRUE,FALSE,"Elsevier BV","Journal of Complexity","0885-064X","0885-064X",NA,"0885-064X","http://creativecommons.org/licenses/by-nc/4.0/",TRUE,NA,NA,NA,NA,FALSE,"els2023deal","03p14d497_els2023deal_2024"
"Augsburg U",2024,NA,"10.1007/s12254-024-00987-5",TRUE,FALSE,"Springer Nature","memo - Magazine of European Medical Oncology","1865-5041","1865-5041","1865-5076","1865-5041","https://creativecommons.org/licenses/by/4.0",TRUE,NA,NA,NA,NA,FALSE,"sn2024deal","03p14d497_sn2024deal_2024"
"Augsburg U",2024,NA,"10.1111/all.16247",TRUE,FALSE,"Wiley-Blackwell","Allergy","0105-4538","0105-4538","1398-9995","0105-4538","http://creativecommons.org/licenses/by-nc/4.0/",TRUE,"39099205",NA,NA,NA,FALSE,"wiley2024deal","03p14d497_wiley2024deal_2024"
"Augsburg U",2024,NA,"10.1007/s10648-024-09931-9",TRUE,FALSE,"Springer Nature","Educational Psychology Review","1040-726X","1040-726X","1573-336X","1040-726X","https://creativecommons.org/licenses/by/4.0",TRUE,NA,NA,NA,NA,FALSE,"sn2024deal","03p14d497_sn2024deal_2024"
"Augsburg U",2024,NA,"10.1016/j.gie.2024.08.001",TRUE,FALSE,"Elsevier BV","Gastrointestinal Endoscopy","0016-5107","0016-5107",NA,"0016-5107","http://creativecommons.org/licenses/by/4.0/",TRUE,"39117238",NA,NA,NA,FALSE,"els2023deal","03p14d497_els2023deal_2024"
"Augsburg U",2024,NA,"10.1016/j.jpsychires.2024.08.008",TRUE,FALSE,"Elsevier BV","Journal of Psychiatric Research","0022-3956","0022-3956",NA,"0022-3956","http://creativecommons.org/licenses/by/4.0/",TRUE,"39153453",NA,NA,NA,FALSE,"els2023deal","03p14d497_els2023deal_2024"
"Augsburg U",2024,NA,"10.1002/hed.27910",TRUE,FALSE,"Wiley-Blackwell","Head & Neck","1043-3074","1043-3074","1097-0347","1043-3074","http://creativecommons.org/licenses/by-nc-nd/4.0/",TRUE,"39162231",NA,NA,NA,FALSE,"wiley2024deal","03p14d497_wiley2024deal_2024"
"Augsburg U",2024,NA,"10.1016/j.lingua.2024.103794",TRUE,FALSE,"Elsevier BV","Lingua","0024-3841","0024-3841",NA,"0024-3841","http://creativecommons.org/licenses/by-nc/4.0/",TRUE,NA,NA,NA,NA,FALSE,"els2023deal","03p14d497_els2023deal_2024"
"Augsburg U",2024,NA,"10.1002/ejp.4709",TRUE,FALSE,"Wiley-Blackwell","European Journal of Pain","1090-3801","1090-3801","1532-2149","1090-3801","http://creativecommons.org/licenses/by/4.0/",TRUE,"39149828","PMC11609883",NA,NA,FALSE,"wiley2024deal","03p14d497_wiley2024deal_2024"
"Augsburg U",2024,NA,"10.1007/s00108-024-01773-5",TRUE,FALSE,"Springer Nature","Die Innere Medizin","2731-7080","2731-7080","2731-7099","2731-7080","https://creativecommons.org/licenses/by/4.0",TRUE,"39287694","PMC11632024",NA,NA,FALSE,"sn2024deal","03p14d497_sn2024deal_2024"
"Augsburg U",2024,NA,"10.1007/s10869-024-09980-5",TRUE,FALSE,"Springer Nature","Journal of Business and Psychology","0889-3268","0889-3268","1573-353X","0889-3268","https://creativecommons.org/licenses/by/4.0",TRUE,NA,NA,NA,NA,FALSE,"sn2024deal","03p14d497_sn2024deal_2024"
"Augsburg U",2024,NA,"10.1007/s10955-024-03325-5",TRUE,FALSE,"Springer Nature","Journal of Statistical Physics","1572-9613",NA,"1572-9613","0022-4715","https://creativecommons.org/licenses/by/4.0",TRUE,NA,NA,NA,NA,FALSE,"sn2024deal","03p14d497_sn2024deal_2024"
"Augsburg U",2024,NA,"10.1111/aas.14515",TRUE,FALSE,"Wiley-Blackwell","Acta Anaesthesiologica Scandinavica","0001-5172","0001-5172","1399-6576","0001-5172","http://creativecommons.org/licenses/by/4.0/",TRUE,"39327638",NA,NA,NA,FALSE,"wiley2024deal","03p14d497_wiley2024deal_2024"
"Augsburg U",2024,NA,"10.1007/s11573-024-01201-y",TRUE,FALSE,"Springer Nature","Journal of Business Economics","0044-2372","0044-2372","1861-8928","0044-2372","https://creativecommons.org/licenses/by/4.0",TRUE,NA,NA,NA,NA,FALSE,"sn2024deal","03p14d497_sn2024deal_2024"
"Augsburg U",2024,NA,"10.1007/s11142-024-09850-8",TRUE,FALSE,"Springer Nature","Review of Accounting Studies","1380-6653","1380-6653","1573-7136","1380-6653","https://creativecommons.org/licenses/by/4.0",TRUE,NA,NA,NA,NA,FALSE,"sn2024deal","03p14d497_sn2024deal_2024"
"Augsburg U",2024,NA,"10.1016/j.ejrad.2024.111677",TRUE,FALSE,"Elsevier BV","European Journal of Radiology","0720-048X","0720-048X",NA,"0720-048X","http://creativecommons.org/licenses/by-nc/4.0/",TRUE,"39178684",NA,NA,NA,FALSE,"els2023deal","03p14d497_els2023deal_2024"
"Augsburg U",2024,NA,"10.1007/s00392-024-02532-0",TRUE,FALSE,"Springer Nature","Clinical Research in Cardiology","1861-0684","1861-0684","1861-0692","1861-0684","https://creativecommons.org/licenses/by/4.0",TRUE,"39196345","PMC12202618",NA,NA,FALSE,"sn2024deal","03p14d497_sn2024deal_2024"
"Augsburg U",2024,NA,"10.1016/j.jedc.2024.104929",TRUE,FALSE,"Elsevier BV","Journal of Economic Dynamics and Control","0165-1889","0165-1889",NA,"0165-1889","http://creativecommons.org/licenses/by/4.0/",TRUE,NA,NA,NA,NA,FALSE,"els2023deal","03p14d497_els2023deal_2024"
"Augsburg U",2024,NA,"10.1007/s42520-024-00600-3",TRUE,FALSE,"Springer Nature","Neue Politische Literatur","0028-3320","0028-3320","2197-6082","0028-3320","https://creativecommons.org/licenses/by/4.0",TRUE,NA,NA,NA,NA,FALSE,"sn2024deal","03p14d497_sn2024deal_2024"
"Augsburg U",2024,NA,"10.1096/fj.202400628rr",TRUE,FALSE,"Wiley-Blackwell","The FASEB Journal","0892-6638","0892-6638","1530-6860","0892-6638","http://creativecommons.org/licenses/by-nc/4.0/",TRUE,"39259502",NA,NA,NA,FALSE,"wiley2024deal","03p14d497_wiley2024deal_2024"
"Augsburg U",2024,NA,"10.1016/j.bpobgyn.2024.102548",TRUE,FALSE,"Elsevier BV","Best Practice & Research Clinical Obstetrics & Gynaecology","1521-6934","1521-6934",NA,"1521-6934","http://creativecommons.org/licenses/by/4.0/",TRUE,"39270544",NA,NA,NA,FALSE,"els2023deal","03p14d497_els2023deal_2024"
"Augsburg U",2024,NA,"10.1007/s11306-024-02166-3",TRUE,FALSE,"Springer Nature","Metabolomics","1573-3890",NA,"1573-3890","1573-3882","https://creativecommons.org/licenses/by/4.0",TRUE,"39306637","PMC11416374",NA,NA,FALSE,"sn2024deal","03p14d497_sn2024deal_2024"
"Augsburg U",2024,NA,"10.1007/s00350-024-6855-z",TRUE,FALSE,"Springer Nature","Medizinrecht","0723-8886","0723-8886","1433-8629","0723-8886","https://creativecommons.org/licenses/by/4.0",TRUE,NA,NA,NA,NA,FALSE,"sn2024deal","03p14d497_sn2024deal_2024"
"Augsburg U",2024,NA,"10.1007/s00115-024-01733-2",TRUE,FALSE,"Springer Nature","Der Nervenarzt","0028-2804","0028-2804","1433-0407","0028-2804","https://creativecommons.org/licenses/by/4.0",TRUE,"39287812","PMC12058942",NA,NA,FALSE,"sn2024deal","03p14d497_sn2024deal_2024"
"Augsburg U",2024,NA,"10.1007/s11618-024-01276-x",TRUE,FALSE,"Springer Nature","Zeitschrift für Erziehungswissenschaft","1434-663X","1434-663X","1862-5215","1434-663X","https://creativecommons.org/licenses/by/4.0",TRUE,NA,NA,NA,NA,FALSE,"sn2024deal","03p14d497_sn2024deal_2024"
"Augsburg U",2024,NA,"10.1007/s11616-024-00857-4",TRUE,FALSE,"Springer Nature","Publizistik","0033-4006","0033-4006","1862-2569","0033-4006","https://creativecommons.org/licenses/by/4.0",TRUE,NA,NA,NA,NA,FALSE,"sn2024deal","03p14d497_sn2024deal_2024"
"Augsburg U",2024,NA,"10.1017/s0956792524000718",TRUE,FALSE,"Cambridge University Press (CUP)","European Journal of Applied Mathematics","0956-7925","0956-7925","1469-4425","0956-7925","http://creativecommons.org/licenses/by/4.0/",TRUE,NA,NA,NA,NA,TRUE,"cam2022gac","03p14d497_cam2022gac_2024"
"Augsburg U",2024,NA,"10.1007/s00406-024-01914-9",TRUE,FALSE,"Springer Nature","European Archives of Psychiatry and Clinical Neuroscience","0940-1334","0940-1334","1433-8491","0940-1334","https://creativecommons.org/licenses/by/4.0",TRUE,"39327302","PMC12271274",NA,NA,FALSE,"sn2024deal","03p14d497_sn2024deal_2024"
"Augsburg U",2024,NA,"10.1016/j.cor.2024.106827",TRUE,FALSE,"Elsevier BV","Computers & Operations Research","0305-0548","0305-0548",NA,"0305-0548","http://creativecommons.org/licenses/by/4.0/",TRUE,NA,NA,NA,NA,FALSE,"els2023deal","03p14d497_els2023deal_2024"
"Augsburg U",2024,NA,"10.1002/ajh.27496",TRUE,FALSE,"Wiley-Blackwell","American Journal of Hematology","0361-8609","0361-8609","1096-8652","0361-8609","http://creativecommons.org/licenses/by-nc-nd/4.0/",TRUE,"39558209","PMC11625973",NA,NA,FALSE,"wiley2024deal","03p14d497_wiley2024deal_2024"
"Augsburg U",2024,NA,"10.1016/j.emj.2024.09.002",TRUE,FALSE,"Elsevier BV","European Management Journal","0263-2373","0263-2373",NA,"0263-2373","http://creativecommons.org/licenses/by-nc-nd/4.0/",TRUE,NA,NA,NA,NA,FALSE,"els2023deal","03p14d497_els2023deal_2024"
"Augsburg U",2024,NA,"10.1016/j.learninstruc.2024.102009",TRUE,FALSE,"Elsevier BV","Learning and Instruction","0959-4752","0959-4752",NA,"0959-4752","http://creativecommons.org/licenses/by/4.0/",TRUE,NA,NA,NA,NA,FALSE,"els2023deal","03p14d497_els2023deal_2024"
"Augsburg U",2024,NA,"10.1002/asia.202400717",TRUE,FALSE,"Wiley-Blackwell","Chemistry - An Asian Journal","1861-4728","1861-4728","1861-471X","1861-471X","http://creativecommons.org/licenses/by/4.0/",TRUE,"39340791","PMC11639642",NA,NA,FALSE,"wiley2024deal","03p14d497_wiley2024deal_2024"
"Augsburg U",2024,NA,"10.1002/pamm.202400011",TRUE,FALSE,"Wiley-Blackwell","PAMM","1617-7061","1617-7061","1617-7061","1617-7061","http://creativecommons.org/licenses/by-nc-nd/4.0/",TRUE,NA,NA,NA,NA,FALSE,"wiley2024deal","03p14d497_wiley2024deal_2024"
"Augsburg U",2024,NA,"10.1016/j.lindif.2024.102561",TRUE,FALSE,"Elsevier BV","Learning & Individual Differences","1041-6080","1041-6080",NA,"1041-6080","http://creativecommons.org/licenses/by/4.0/",TRUE,NA,NA,NA,NA,FALSE,"els2023deal","03p14d497_els2023deal_2024"
"Augsburg U",2024,NA,"10.1007/s11846-024-00812-7",TRUE,FALSE,"Springer Nature","Review of Managerial Science","1863-6683","1863-6683","1863-6691","1863-6683","https://creativecommons.org/licenses/by/4.0",TRUE,NA,NA,NA,NA,FALSE,"sn2024deal","03p14d497_sn2024deal_2024"
"Augsburg U",2024,NA,"10.1007/s12519-024-00853-8",TRUE,FALSE,"Springer Nature","World Journal of Pediatrics","1708-8569","1708-8569","1867-0687","1867-0687","https://creativecommons.org/licenses/by/4.0",TRUE,"39641826","PMC11885337",NA,NA,FALSE,"sn2024deal","03p14d497_sn2024deal_2024"
"Augsburg U",2024,NA,"10.1007/s00423-024-03517-3",TRUE,FALSE,"Springer Nature","Langenbeck's Archives of Surgery","1435-2451",NA,"1435-2451","1435-2443","https://creativecommons.org/licenses/by/4.0",TRUE,"39466332","PMC11519162",NA,NA,FALSE,"sn2024deal","03p14d497_sn2024deal_2024"
"Augsburg U",2024,NA,"10.1016/j.jri.2024.104385",TRUE,FALSE,"Elsevier BV","Journal of Reproductive Immunology","0165-0378","0165-0378",NA,"0165-0378","http://creativecommons.org/licenses/by/4.0/",TRUE,"39432974",NA,NA,NA,FALSE,"els2023deal","03p14d497_els2023deal_2024"
"Augsburg U",2024,NA,"10.1007/s10955-024-03362-0",TRUE,FALSE,"Springer Nature","Journal of Statistical Physics","1572-9613",NA,"1572-9613","0022-4715","https://creativecommons.org/licenses/by/4.0",TRUE,NA,NA,NA,NA,FALSE,"sn2024deal","03p14d497_sn2024deal_2024"
"Augsburg U",2024,NA,"10.1007/s00548-024-00953-7",TRUE,FALSE,"Springer Nature","Standort","0174-3635","0174-3635","1432-220X","0174-3635","https://creativecommons.org/licenses/by/4.0",TRUE,NA,NA,NA,NA,FALSE,"sn2024deal","03p14d497_sn2024deal_2024"
"Augsburg U",2024,NA,"10.1007/s11127-024-01214-9",TRUE,FALSE,"Springer Nature","Public Choice","0048-5829","0048-5829","1573-7101","0048-5829","https://creativecommons.org/licenses/by/4.0",TRUE,NA,NA,NA,NA,FALSE,"sn2024deal","03p14d497_sn2024deal_2024"
"Augsburg U",2024,NA,"10.1002/adfm.202415376",TRUE,FALSE,"Wiley-Blackwell","Advanced Functional Materials","1616-301X","1616-301X","1616-3028","1616-301X","http://creativecommons.org/licenses/by-nc-nd/4.0/",TRUE,NA,NA,NA,NA,FALSE,"wiley2024deal","03p14d497_wiley2024deal_2024"
"Augsburg U",2024,NA,"10.1007/s42520-024-00603-0",TRUE,FALSE,"Springer Nature","Neue Politische Literatur","0028-3320","0028-3320","2197-6082","0028-3320","https://creativecommons.org/licenses/by/4.0",TRUE,NA,NA,NA,NA,FALSE,"sn2024deal","03p14d497_sn2024deal_2024"
"Augsburg U",2024,NA,"10.1111/stan.12366",TRUE,FALSE,"Wiley-Blackwell","Statistica Neerlandica","0039-0402","0039-0402","1467-9574","0039-0402","http://creativecommons.org/licenses/by-nc-nd/4.0/",TRUE,NA,NA,NA,NA,FALSE,"wiley2024deal","03p14d497_wiley2024deal_2024"
"Augsburg U",2024,NA,"10.1192/bjo.2024.826",FALSE,FALSE,"Royal College of Psychiatrists","British Journal of Psychiatry Open","2056-4724",NA,"2056-4724","2056-4724","http://creativecommons.org/licenses/by/4.0/",TRUE,"39668615","PMC11733488",NA,NA,TRUE,"cam2022gac","03p14d497_cam2022gac_2024"
"Augsburg U",2024,NA,"10.1007/s00259-024-06959-5",TRUE,FALSE,"Springer Nature","European Journal of Nuclear Medicine and Molecular Imaging","1619-7070","1619-7070","1619-7089","1619-7070","https://creativecommons.org/licenses/by/4.0",TRUE,"39489871","PMC11754363",NA,NA,FALSE,"sn2024deal","03p14d497_sn2024deal_2024"
"Augsburg U",2024,NA,"10.1007/s41980-024-00946-0",TRUE,FALSE,"Springer Nature","Bulletin of the Iranian Mathematical Society","1017-060X","1017-060X","1735-8515","1017-060X","https://creativecommons.org/licenses/by/4.0",TRUE,NA,NA,NA,NA,FALSE,"sn2024deal","03p14d497_sn2024deal_2024"
"Augsburg U",2024,NA,"10.1007/s42597-024-00131-4",TRUE,FALSE,"Springer Nature","Zeitschrift für Friedens- und Konfliktforschung","2192-1741","2192-1741","2524-6976","2192-1741","https://creativecommons.org/licenses/by/4.0",TRUE,NA,NA,NA,NA,FALSE,"sn2024deal","03p14d497_sn2024deal_2024"
"Augsburg U",2024,NA,"10.1007/s10049-024-01410-6",TRUE,FALSE,"Springer Nature","Notfall + Rettungsmedizin","1434-6222","1434-6222","1436-0578","1434-6222","https://creativecommons.org/licenses/by/4.0",TRUE,NA,NA,NA,NA,FALSE,"sn2024deal","03p14d497_sn2024deal_2024"
"Augsburg U",2024,NA,"10.1007/s10013-024-00722-x",TRUE,FALSE,"Springer Nature","Vietnam Journal of Mathematics","2305-221X","2305-221X","2305-2228","2305-221X","https://creativecommons.org/licenses/by/4.0",TRUE,NA,NA,NA,NA,FALSE,"sn2024deal","03p14d497_sn2024deal_2024"
"Augsburg U",2024,NA,"10.1007/s00423-024-03546-y",TRUE,FALSE,"Springer Nature","Langenbeck's Archives of Surgery","1435-2451",NA,"1435-2451","1435-2443","https://creativecommons.org/licenses/by/4.0",TRUE,"39601869","PMC11602871",NA,NA,FALSE,"sn2024deal","03p14d497_sn2024deal_2024"
"Augsburg U",2024,NA,"10.1016/j.compositesa.2024.108562",TRUE,FALSE,"Elsevier BV","Composites Part A: Applied Science and Manufacturing","1359-835X","1359-835X",NA,"1359-835X","http://creativecommons.org/licenses/by-nc-nd/4.0/",TRUE,NA,NA,NA,NA,FALSE,"els2023deal","03p14d497_els2023deal_2024"
"Augsburg U",2024,NA,"10.1016/j.clnu.2024.11.004",TRUE,FALSE,"Elsevier BV","Clinical Nutrition","0261-5614","0261-5614",NA,"0261-5614","http://creativecommons.org/licenses/by-nc-nd/4.0/",TRUE,"39546924",NA,NA,NA,FALSE,"els2023deal","03p14d497_els2023deal_2024"
"",,,"","","","","","","","","","","","","","","","","",""
"Augsburg U",2024,NA,"10.1016/j.scico.2024.103227",TRUE,FALSE,"Elsevier BV","Science of Computer Programming","0167-6423","0167-6423",NA,"0167-6423","http://creativecommons.org/licenses/by/4.0/",TRUE,NA,NA,NA,NA,FALSE,"els2023deal","03p14d497_els2023deal_2024"
"Augsburg U",2024,NA,"10.1007/s00418-024-02340-7",TRUE,FALSE,"Springer Nature","Histochemistry and Cell Biology","0948-6143","0948-6143","1432-119X","0948-6143","https://creativecommons.org/licenses/by/4.0",TRUE,"39589546","PMC11599338",NA,NA,FALSE,"sn2024deal","03p14d497_sn2024deal_2024"
"Augsburg U",2024,NA,"10.1007/s11523-024-01109-1",TRUE,FALSE,"Springer Nature","Targeted Oncology","1776-2596","1776-2596","1776-260X","1776-2596","https://creativecommons.org/licenses/by-nc/4.0",TRUE,"39609355","PMC11762447",NA,NA,FALSE,"sn2024deal","03p14d497_sn2024deal_2024"
"Augsburg U",2024,NA,"10.1002/rfe.1221",TRUE,FALSE,"Wiley-Blackwell","Review of Financial Economics","1058-3300","1058-3300","1873-5924","1058-3300","http://creativecommons.org/licenses/by/4.0/",TRUE,NA,NA,NA,NA,FALSE,"wiley2024deal","03p14d497_wiley2024deal_2024"
"Augsburg U",2024,NA,"10.1007/s10143-024-03127-z",TRUE,FALSE,"Springer Nature","Neurosurgical Review","1437-2320",NA,"1437-2320","0344-5607","https://creativecommons.org/licenses/by/4.0",TRUE,"39578285","PMC11584477",NA,NA,FALSE,"sn2024deal","03p14d497_sn2024deal_2024"
"Augsburg U",2024,NA,"10.1016/j.compositesa.2024.108340",TRUE,FALSE,"Elsevier BV","Composites Part A: Applied Science and Manufacturing","1359-835X","1359-835X",NA,"1359-835X","http://creativecommons.org/licenses/by/4.0/",TRUE,NA,NA,NA,NA,FALSE,"els2023deal","03p14d497_els2023deal_2024"
"Augsburg U",2024,NA,"10.1002/chem.202403574",TRUE,FALSE,"Wiley-Blackwell","Chemistry - A European Journal","0947-6539","0947-6539","1521-3765","0947-6539","http://creativecommons.org/licenses/by-nc-nd/4.0/",TRUE,"39570680",NA,NA,NA,FALSE,"wiley2024deal","03p14d497_wiley2024deal_2024"
"Augsburg U",2024,NA,"10.1007/s00404-024-07840-4",TRUE,FALSE,"Springer Nature","Archives of Gynecology and Obstetrics","1432-0711",NA,"1432-0711","0932-0067","https://creativecommons.org/licenses/by/4.0",TRUE,"39601812","PMC12055881",NA,NA,TRUE,"sn2024deal","03p14d497_sn2024deal_2024"
"Augsburg U",2024,NA,"10.1016/j.jri.2024.104400",TRUE,FALSE,"Elsevier BV","Journal of Reproductive Immunology","0165-0378","0165-0378",NA,"0165-0378","http://creativecommons.org/licenses/by/4.0/",TRUE,"39612561",NA,NA,NA,FALSE,"els2023deal","03p14d497_els2023deal_2024"
"Augsburg U",2024,NA,"10.1007/s11403-024-00437-9",TRUE,FALSE,"Springer Nature","Journal of Economic Interaction and Coordination","1860-711X","1860-711X","1860-7128","1860-711X","https://creativecommons.org/licenses/by/4.0",TRUE,NA,NA,NA,NA,FALSE,"sn2024deal","03p14d497_sn2024deal_2024"
"Augsburg U",2024,NA,"10.1007/s00105-024-05437-1",TRUE,FALSE,"Springer Nature","Die Dermatologie","2731-7005","2731-7005","2731-7013","2731-7005","https://creativecommons.org/licenses/by/4.0",TRUE,"39636459","PMC11779790",NA,NA,FALSE,"sn2024deal","03p14d497_sn2024deal_2024"
"Augsburg U",2024,NA,"10.1007/s40629-024-00316-6",TRUE,FALSE,"Springer Nature","Allergo Journal International","2197-0378",NA,"2197-0378","2197-0378","https://creativecommons.org/licenses/by/4.0",TRUE,NA,NA,NA,NA,FALSE,"sn2024deal","03p14d497_sn2024deal_2024"
"Augsburg U",2024,NA,"10.1007/s00062-024-01480-6",TRUE,FALSE,"Springer Nature","Clinical Neuroradiology","1869-1439","1869-1439","1869-1447","1869-1439","https://creativecommons.org/licenses/by/4.0",TRUE,"39607554","PMC12174253",NA,NA,FALSE,"sn2024deal","03p14d497_sn2024deal_2024"
"Augsburg U",2024,NA,"10.1016/j.pragma.2024.11.002",TRUE,FALSE,"Elsevier BV","Journal of Pragmatics","0378-2166","0378-2166",NA,"0378-2166","http://creativecommons.org/licenses/by-nc-nd/4.0/",TRUE,NA,NA,NA,NA,FALSE,"els2023deal","03p14d497_els2023deal_2024"
"Augsburg U",2024,NA,"10.1002/andp.202400344",TRUE,FALSE,"Wiley-Blackwell","Annalen der Physik","0003-3804","0003-3804","1521-3889","0003-3804","http://creativecommons.org/licenses/by/4.0/",TRUE,NA,NA,NA,NA,FALSE,"wiley2024deal","03p14d497_wiley2024deal_2024"
"Augsburg U",2024,NA,"10.1063/5.0237659",TRUE,FALSE,"AIP Publishing","Applied Physics Letters","0003-6951","0003-6951","1077-3118","0003-6951","https://creativecommons.org/licenses/by/4.0/",TRUE,NA,NA,NA,NA,FALSE,"aip2024tib","03p14d497_aip2024tib_2024"
"Augsburg U",2024,NA,"10.1016/j.najef.2024.102309",TRUE,FALSE,"Elsevier BV","The North American Journal of Economics and Finance","1062-9408","1062-9408",NA,"1062-9408","http://creativecommons.org/licenses/by/4.0/",TRUE,NA,NA,NA,NA,FALSE,"els2023deal","03p14d497_els2023deal_2024"
"Augsburg U",2024,NA,"10.1057/s41260-024-00389-6",TRUE,FALSE,"Springer Nature","Journal of Asset Management","1470-8272","1470-8272","1479-179X","1470-8272","https://creativecommons.org/licenses/by/4.0",TRUE,NA,NA,NA,NA,FALSE,"sn2024deal","03p14d497_sn2024deal_2024"
"Augsburg U",2024,NA,"10.1007/s00283-024-10394-7",TRUE,FALSE,"Springer Nature","The Mathematical Intelligencer","0343-6993","0343-6993","1866-7414","0343-6993","https://creativecommons.org/licenses/by/4.0",TRUE,NA,NA,NA,NA,FALSE,"sn2024deal","03p14d497_sn2024deal_2024"
"Augsburg U",2024,NA,"10.1016/j.apenergy.2024.124975",TRUE,FALSE,"Elsevier BV","Applied Energy","0306-2619","0306-2619",NA,"0306-2619","http://creativecommons.org/licenses/by-nc/4.0/",TRUE,NA,NA,NA,NA,FALSE,"els2023deal","03p14d497_els2023deal_2024"
"Augsburg U",2024,NA,"10.1007/s00270-024-03929-0",TRUE,FALSE,"Springer Nature","CardioVascular and Interventional Radiology","0174-1551","0174-1551","1432-086X","0174-1551","https://creativecommons.org/licenses/by/4.0",TRUE,"39658749","PMC11706830",NA,NA,FALSE,"sn2024deal","03p14d497_sn2024deal_2024"
"Augsburg U",2024,NA,"10.1111/ecin.13272",TRUE,FALSE,"Wiley-Blackwell","Economic Inquiry","0095-2583","0095-2583","1465-7295","0095-2583","http://creativecommons.org/licenses/by/4.0/",TRUE,NA,NA,NA,NA,FALSE,"wiley2024deal","03p14d497_wiley2024deal_2024"
"Augsburg U",2024,NA,"10.1007/s41682-024-00197-0",TRUE,FALSE,"Springer Nature","Zeitschrift für Religion, Gesellschaft und Politik","2510-1226",NA,"2510-1226","2510-1226","https://creativecommons.org/licenses/by/4.0",TRUE,NA,NA,NA,NA,FALSE,"sn2024deal","03p14d497_sn2024deal_2024"
"Augsburg U",2024,NA,"10.1016/j.cma.2024.117617",TRUE,FALSE,"Elsevier BV","Computer Methods in Applied Mechanics and Engineering","0045-7825","0045-7825",NA,"0045-7825","http://creativecommons.org/licenses/by/4.0/",TRUE,NA,NA,NA,NA,FALSE,"els2023deal","03p14d497_els2023deal_2024"
"Augsburg U",2024,NA,"10.1007/s12519-024-00870-7",TRUE,FALSE,"Springer Nature","World Journal of Pediatrics","1708-8569","1708-8569","1867-0687","1867-0687","https://creativecommons.org/licenses/by/4.0",TRUE,"39695048","PMC11885346",NA,NA,FALSE,"sn2024deal","03p14d497_sn2024deal_2024"
"Augsburg U",2024,NA,"10.1007/s11019-024-10245-4",TRUE,FALSE,"Springer Nature","Medicine, Health Care and Philosophy","1386-7423","1386-7423","1572-8633","1386-7423","https://creativecommons.org/licenses/by/4.0",TRUE,"39704896","PMC11805771",NA,NA,FALSE,"sn2024deal","03p14d497_sn2024deal_2024"
"Augsburg U",2024,NA,"10.1016/j.tra.2024.104360",TRUE,FALSE,"Elsevier BV","Transportation Research Part A: Policy and Practice","0965-8564","0965-8564",NA,"0965-8564","http://creativecommons.org/licenses/by/4.0/",TRUE,NA,NA,NA,NA,FALSE,"els2023deal","03p14d497_els2023deal_2024"
"Augsburg U",2024,NA,"10.1016/j.scs.2024.106091",TRUE,FALSE,"Elsevier BV","Sustainable Cities and Society","2210-6707","2210-6707",NA,"2210-6707","http://creativecommons.org/licenses/by/4.0/",TRUE,NA,NA,NA,NA,FALSE,"els2023deal","03p14d497_els2023deal_2024"
"",,,"","","","","","","","","","","","","","","","","",""
"Augsburg U",2024,NA,"10.1075/ip.00109.fet",TRUE,FALSE,"John Benjamins Publishing Company","Internet Pragmatics","2542-3851","2542-3851","2542-386X","2542-3851","http://creativecommons.org/licenses/by/4.0/",TRUE,NA,NA,NA,NA,FALSE,"John Benjamins (UB Augsburg) 2024-2024","03p14d497_johnbenjamins(ubaugsburg)2024-2024_2024"
"Augsburg U",2024,NA,"10.1075/prag.24024.fet",TRUE,FALSE,"John Benjamins Publishing Company","Pragmatics. Quarterly Publication of the International Pragmatics Association (IPrA)","1018-2101","1018-2101","2406-4238","1018-2101","http://creativecommons.org/licenses/by/4.0/",TRUE,NA,NA,NA,NA,FALSE,"John Benjamins (UB Augsburg) 2024-2024","03p14d497_johnbenjamins(ubaugsburg)2024-2024_2024"
"Augsburg U",2024,NA,"10.1075/bjl.00079.mei",TRUE,FALSE,"John Benjamins Publishing Company","Belgian Journal of Linguistics","0774-5141","0774-5141","1569-9676","0774-5141","http://creativecommons.org/licenses/by/4.0/",TRUE,NA,NA,NA,NA,FALSE,"John Benjamins (UB Augsburg) 2024-2024","03p14d497_johnbenjamins(ubaugsburg)2024-2024_2024"
"Augsburg U",2024,NA,"10.1038/s41567-023-02358-z",TRUE,FALSE,"Springer Nature","Nature Physics","1745-2473","1745-2473","1745-2481","1745-2473","https://creativecommons.org/licenses/by/4.0",TRUE,"38638455","PMC11021192",NA,NA,FALSE,"sn2021gac","03p14d497_sn2021gac_2024"
"Augsburg U",2024,NA,"10.1111/ecot.12443",TRUE,FALSE,"Wiley-Blackwell","Economics of Transition and Institutional Change","2577-6975","2577-6975","2577-6983","2577-6975","http://creativecommons.org/licenses/by/4.0/",TRUE,NA,NA,NA,NA,FALSE,"wiley2024deal","03p14d497_wiley2024deal_2024"
"Augsburg U",2024,NA,"10.1007/s40316-024-00235-6",TRUE,FALSE,"Springer Nature","Annales mathématiques du Québec","2195-4755","2195-4755","2195-4763","2195-4755","https://www.springernature.com/gp/researchers/text-and-data-mining",TRUE,NA,NA,NA,NA,FALSE,"sn2024deal","03p14d497_sn2024deal_2024"
"Augsburg U",2024,NA,"10.1111/jdv.20059",TRUE,FALSE,"Wiley-Blackwell","Journal of the European Academy of Dermatology and Venereology","0926-9959","0926-9959","1468-3083","0926-9959","http://creativecommons.org/licenses/by/4.0/",TRUE,"38702995",NA,NA,NA,FALSE,"wiley2024deal","03p14d497_wiley2024deal_2024"
