"institution","period","euro","doi","is_hybrid","publisher","journal_full_title","issn","issn_print","issn_electronic","issn_l","license_ref","indexed_in_crossref","pmid","pmcid","ut","url","doaj"
"DLR",2025,2080,"10.1002/admi.202400852",FALSE,"Wiley-Blackwell","Advanced Materials Interfaces","2196-7350","2196-7350","2196-7350","2196-7350","http://creativecommons.org/licenses/by/4.0/",TRUE,NA,NA,NA,NA,TRUE
"DLR",2025,3448,"10.1002/jcsm.70094",FALSE,"Wiley-Blackwell","Journal of Cachexia, Sarcopenia and Muscle","2190-5991","2190-5991","2190-6009","2190-5991","http://creativecommons.org/licenses/by/4.0/",TRUE,"41165044","PMC12572951",NA,NA,TRUE
"DLR",2025,1440,"10.1029/2024ea004036",FALSE,"American Geophysical Union (AGU)","Earth and Space Science","2333-5084","2333-5084","2333-5084","2333-5084","http://creativecommons.org/licenses/by/4.0/",TRUE,NA,NA,NA,NA,TRUE
"DLR",2025,1744,"10.1029/2024ms004272",FALSE,"American Geophysical Union (AGU)","Journal of Advances in Modeling Earth Systems","1942-2466","1942-2466","1942-2466","1942-2466","http://creativecommons.org/licenses/by/4.0/",TRUE,NA,NA,NA,NA,TRUE
"DLR",2025,2411.86,"10.1039/d5dd00247h",FALSE,"Royal Society of Chemistry (RSC)","Digital Discovery","2635-098X",NA,"2635-098X","2635-098X","http://creativecommons.org/licenses/by/3.0/",TRUE,NA,NA,NA,NA,TRUE
"DLR",2025,2413.43,"10.1039/d5ma00034c",FALSE,"Royal Society of Chemistry (RSC)","Materials Advances","2633-5409",NA,"2633-5409","2633-5409","http://creativecommons.org/licenses/by/3.0/",TRUE,NA,NA,NA,NA,TRUE
"DLR",2025,2400,"10.1039/d5ma01044f",FALSE,"Royal Society of Chemistry (RSC)","Materials Advances","2633-5409",NA,"2633-5409","2633-5409","http://creativecommons.org/licenses/by-nc/3.0/",TRUE,NA,NA,NA,NA,TRUE
"DLR",2025,1502.52,"10.1039/d5ra03988f",FALSE,"Royal Society of Chemistry (RSC)","RSC Advances","2046-2069",NA,"2046-2069","2046-2069","http://creativecommons.org/licenses/by-nc/3.0/",TRUE,"40740218","PMC12308710",NA,NA,TRUE
"DLR",2025,1000,"10.1051/swsc/2025014",FALSE,"EDP Sciences","Journal of Space Weather and Space Climate","2115-7251",NA,"2115-7251","2115-7251","https://creativecommons.org/licenses/by/4.0",TRUE,NA,NA,NA,NA,TRUE
"DLR",2025,1000,"10.1051/swsc/2025014",FALSE,"EDP Sciences","Journal of Space Weather and Space Climate","2115-7251",NA,"2115-7251","2115-7251","https://creativecommons.org/licenses/by/4.0",TRUE,NA,NA,NA,NA,TRUE
"DLR",2025,1000,"10.1051/swsc/2025018",FALSE,"EDP Sciences","Journal of Space Weather and Space Climate","2115-7251",NA,"2115-7251","2115-7251","https://creativecommons.org/licenses/by/4.0",TRUE,NA,NA,NA,NA,TRUE
"DLR",2025,1000,"10.1051/swsc/2025039",FALSE,"EDP Sciences","Journal of Space Weather and Space Climate","2115-7251",NA,"2115-7251","2115-7251","https://creativecommons.org/licenses/by/4.0",TRUE,NA,NA,NA,NA,TRUE
"DLR",2025,1000,"10.1051/swsc/2025040",FALSE,"EDP Sciences","Journal of Space Weather and Space Climate","2115-7251",NA,"2115-7251","2115-7251","https://creativecommons.org/licenses/by/4.0",TRUE,NA,NA,NA,NA,TRUE
"DLR",2025,1000,"10.1051/swsc/2025040",FALSE,"EDP Sciences","Journal of Space Weather and Space Climate","2115-7251",NA,"2115-7251","2115-7251","https://creativecommons.org/licenses/by/4.0",TRUE,NA,NA,NA,NA,TRUE
"DLR",2025,1000,"10.1051/swsc/2025054",FALSE,"EDP Sciences","Journal of Space Weather and Space Climate","2115-7251",NA,"2115-7251","2115-7251","https://creativecommons.org/licenses/by/4.0",TRUE,NA,NA,NA,NA,TRUE
"DLR",2025,901,"10.1080/14686996.2025.2506982",FALSE,"Informa UK Limited","Science and Technology of Advanced Materials","1468-6996","1468-6996","1878-5514","1468-6996","http://creativecommons.org/licenses/by/4.0/",TRUE,"40510298","PMC12160332",NA,NA,TRUE
"DLR",2025,1372.75,"10.1080/14786451.2025.2515452",FALSE,"Informa UK Limited","International Journal of Sustainable Energy","1478-6451","1478-6451","1478-646X","1478-6451","http://creativecommons.org/licenses/by/4.0/",TRUE,NA,NA,NA,NA,TRUE
"DLR",2025,2443.75,"10.1080/15481603.2025.2498188",FALSE,"Informa UK Limited","GIScience & Remote Sensing","1548-1603","1548-1603","1943-7226","1548-1603","http://creativecommons.org/licenses/by/4.0/",TRUE,NA,NA,NA,NA,TRUE
"DLR",2025,2443.75,"10.1080/15481603.2025.2502214",FALSE,"Informa UK Limited","GIScience & Remote Sensing","1548-1603","1548-1603","1943-7226","1548-1603","http://creativecommons.org/licenses/by-nc/4.0/",TRUE,NA,NA,NA,NA,TRUE
"DLR",2025,2268,"10.1088/1367-2630/ad9828",FALSE,"IOP Publishing","New Journal of Physics","1367-2630",NA,"1367-2630","1367-2630","https://creativecommons.org/licenses/by/4.0/",TRUE,NA,NA,NA,NA,TRUE
"DLR",2025,2621.16,"10.1093/mnras/staf1878",FALSE,"Oxford University Press (OUP)","Monthly Notices of the Royal Astronomical Society","0035-8711","0035-8711","1365-2966","0035-8711","https://creativecommons.org/licenses/by/4.0/",TRUE,NA,NA,NA,NA,TRUE
"DLR",2025,2395,"10.1098/rspa.2025.0196",FALSE,"The Royal Society","Proceedings of the Royal Society A: Mathematical, Physical and Engineering Sciences","1364-5021","1364-5021","1471-2946","1364-5021","http://creativecommons.org/licenses/by/4.0/",TRUE,NA,NA,NA,NA,FALSE
"DLR",2025,2395,"10.1098/rsta.2024.0435",TRUE,"The Royal Society","Philosophical Transactions of the Royal Society A: Mathematical, Physical and Engineering Sciences","1364-503X","1364-503X","1471-2962","1364-503X","http://creativecommons.org/licenses/by/4.0/",TRUE,"41674268",NA,NA,NA,FALSE
"DLR",2025,2459.55,"10.1103/2qzh-yf49",FALSE,"American Physical Society (APS)","Physical Review Research","2643-1564",NA,"2643-1564","2643-1564","https://creativecommons.org/licenses/by/4.0/",TRUE,NA,NA,NA,NA,TRUE
"DLR",2025,2462,"10.1103/2s2p-kvcx",FALSE,"American Physical Society (APS)","Physical Review Research","2643-1564",NA,"2643-1564","2643-1564","https://creativecommons.org/licenses/by/4.0/",TRUE,NA,NA,NA,NA,TRUE
"DLR",2025,2443,"10.1103/hbgk-4khg",FALSE,"American Physical Society (APS)","Physical Review Research","2643-1564",NA,"2643-1564","2643-1564","https://creativecommons.org/licenses/by/4.0/",TRUE,NA,NA,NA,NA,TRUE
"DLR",2025,2524.97,"10.1103/mtcv-dbpd",FALSE,"American Physical Society (APS)","Physical Review Research","2643-1564",NA,"2643-1564","2643-1564","https://creativecommons.org/licenses/by/4.0/",TRUE,NA,NA,NA,NA,TRUE
"DLR",2025,2419.95,"10.1103/yk2h-zr63",FALSE,"American Physical Society (APS)","Physical Review Research","2643-1564",NA,"2643-1564","2643-1564","https://creativecommons.org/licenses/by/4.0/",TRUE,NA,NA,NA,NA,TRUE
"DLR",2025,3304.02,"10.1108/hff-08-2024-0602",TRUE,"Emerald","International Journal of Numerical Methods for Heat & Fluid Flow","0961-5539","0961-5539","1758-6585","0961-5539","http://creativecommons.org/licenses/by/4.0/",TRUE,NA,NA,NA,NA,FALSE
"DLR",2025,1762,"10.1109/access.2025.3545637",FALSE,"Institute of Electrical & Electronics Engineers (IEEE)","IEEE Access","2169-3536",NA,"2169-3536","2169-3536","https://creativecommons.org/licenses/by-nc-nd/4.0/",TRUE,NA,NA,NA,NA,TRUE
"DLR",2025,1762,"10.1109/access.2025.3545917",FALSE,"Institute of Electrical & Electronics Engineers (IEEE)","IEEE Access","2169-3536",NA,"2169-3536","2169-3536","https://creativecommons.org/licenses/by/4.0/legalcode",TRUE,NA,NA,NA,NA,TRUE
"DLR",2025,1762,"10.1109/access.2025.3555177",FALSE,"Institute of Electrical & Electronics Engineers (IEEE)","IEEE Access","2169-3536",NA,"2169-3536","2169-3536","https://creativecommons.org/licenses/by/4.0/legalcode",TRUE,NA,NA,NA,NA,TRUE
"DLR",2025,1762,"10.1109/access.2025.3581471",FALSE,"Institute of Electrical & Electronics Engineers (IEEE)","IEEE Access","2169-3536",NA,"2169-3536","2169-3536","https://creativecommons.org/licenses/by-nc-nd/4.0/",TRUE,NA,NA,NA,NA,TRUE
"DLR",2025,1774.55,"10.1109/access.2025.3586811",FALSE,"Institute of Electrical & Electronics Engineers (IEEE)","IEEE Access","2169-3536",NA,"2169-3536","2169-3536","https://creativecommons.org/licenses/by/4.0/legalcode",TRUE,NA,NA,NA,NA,TRUE
"DLR",2025,1767,"10.1109/access.2025.3592476",FALSE,"Institute of Electrical & Electronics Engineers (IEEE)","IEEE Access","2169-3536",NA,"2169-3536","2169-3536","https://creativecommons.org/licenses/by/4.0/legalcode",TRUE,NA,NA,NA,NA,TRUE
"DLR",2025,1771,"10.1109/access.2025.3614064",FALSE,"Institute of Electrical & Electronics Engineers (IEEE)","IEEE Access","2169-3536",NA,"2169-3536","2169-3536","https://creativecommons.org/licenses/by/4.0/legalcode",TRUE,NA,NA,NA,NA,TRUE
"DLR",2025,1806,"10.1109/access.2025.3628500",FALSE,"Institute of Electrical & Electronics Engineers (IEEE)","IEEE Access","2169-3536",NA,"2169-3536","2169-3536","https://creativecommons.org/licenses/by/4.0/legalcode",TRUE,NA,NA,NA,NA,TRUE
"DLR",2025,1798,"10.1109/access.2025.3636728",FALSE,"Institute of Electrical & Electronics Engineers (IEEE)","IEEE Access","2169-3536",NA,"2169-3536","2169-3536","https://creativecommons.org/licenses/by/4.0/legalcode",TRUE,NA,NA,NA,NA,TRUE
"DLR",2025,1803,"10.1109/access.2025.3636787",FALSE,"Institute of Electrical & Electronics Engineers (IEEE)","IEEE Access","2169-3536",NA,"2169-3536","2169-3536","https://creativecommons.org/licenses/by-nc-nd/4.0/",TRUE,NA,NA,NA,NA,TRUE
"DLR",2025,1823.82,"10.1109/jproc.2025.3621586",TRUE,"Institute of Electrical & Electronics Engineers (IEEE)","Proceedings of the IEEE","0018-9219","0018-9219","1558-2256","0018-9219","https://creativecommons.org/licenses/by/4.0/legalcode",TRUE,NA,NA,NA,NA,FALSE
"DLR",2025,1270,"10.1109/jstars.2025.3533567",FALSE,"Institute of Electrical & Electronics Engineers (IEEE)","IEEE Journal of Selected Topics in Applied Earth Observations and Remote Sensing","1939-1404","1939-1404","2151-1535","1939-1404","https://creativecommons.org/licenses/by/4.0/legalcode",TRUE,NA,NA,NA,NA,TRUE
"DLR",2025,1279.95,"10.1109/jstars.2025.3550632",FALSE,"Institute of Electrical & Electronics Engineers (IEEE)","IEEE Journal of Selected Topics in Applied Earth Observations and Remote Sensing","1939-1404","1939-1404","2151-1535","1939-1404","https://creativecommons.org/licenses/by-nc-nd/4.0/",TRUE,NA,NA,NA,NA,TRUE
"DLR",2025,1270,"10.1109/jstars.2025.3551422",FALSE,"Institute of Electrical & Electronics Engineers (IEEE)","IEEE Journal of Selected Topics in Applied Earth Observations and Remote Sensing","1939-1404","1939-1404","2151-1535","1939-1404","https://creativecommons.org/licenses/by/4.0/legalcode",TRUE,NA,NA,NA,NA,TRUE
"DLR",2025,1270,"10.1109/jstars.2025.3558816",FALSE,"Institute of Electrical & Electronics Engineers (IEEE)","IEEE Journal of Selected Topics in Applied Earth Observations and Remote Sensing","1939-1404","1939-1404","2151-1535","1939-1404","https://creativecommons.org/licenses/by/4.0/legalcode",TRUE,NA,NA,NA,NA,TRUE
"DLR",2025,1280.71,"10.1109/jstars.2025.3577690",FALSE,"Institute of Electrical & Electronics Engineers (IEEE)","IEEE Journal of Selected Topics in Applied Earth Observations and Remote Sensing","1939-1404","1939-1404","2151-1535","1939-1404","https://creativecommons.org/licenses/by/4.0/legalcode",TRUE,NA,NA,NA,NA,TRUE
"DLR",2025,1529,"10.1109/jstars.2025.3581058",FALSE,"Institute of Electrical & Electronics Engineers (IEEE)","IEEE Journal of Selected Topics in Applied Earth Observations and Remote Sensing","1939-1404","1939-1404","2151-1535","1939-1404","https://creativecommons.org/licenses/by/4.0/legalcode",TRUE,NA,NA,NA,NA,TRUE
"DLR",2025,1270,"10.1109/jstars.2025.3581451",FALSE,"Institute of Electrical & Electronics Engineers (IEEE)","IEEE Journal of Selected Topics in Applied Earth Observations and Remote Sensing","1939-1404","1939-1404","2151-1535","1939-1404","https://creativecommons.org/licenses/by/4.0/legalcode",TRUE,NA,NA,NA,NA,TRUE
"DLR",2025,1553.68,"10.1109/jstars.2025.3601351",FALSE,"Institute of Electrical & Electronics Engineers (IEEE)","IEEE Journal of Selected Topics in Applied Earth Observations and Remote Sensing","1939-1404","1939-1404","2151-1535","1939-1404","https://creativecommons.org/licenses/by/4.0/legalcode",TRUE,NA,NA,NA,NA,TRUE
"DLR",2025,1286,"10.1109/jstars.2025.3605061",FALSE,"Institute of Electrical & Electronics Engineers (IEEE)","IEEE Journal of Selected Topics in Applied Earth Observations and Remote Sensing","1939-1404","1939-1404","2151-1535","1939-1404","https://creativecommons.org/licenses/by/4.0/legalcode",TRUE,NA,NA,NA,NA,TRUE
"DLR",2025,1526,"10.1109/jstars.2025.3613166",FALSE,"Institute of Electrical & Electronics Engineers (IEEE)","IEEE Journal of Selected Topics in Applied Earth Observations and Remote Sensing","1939-1404","1939-1404","2151-1535","1939-1404","https://creativecommons.org/licenses/by/4.0/legalcode",TRUE,NA,NA,NA,NA,TRUE
"DLR",2025,1545.46,"10.1109/jstars.2025.3626140",FALSE,"Institute of Electrical & Electronics Engineers (IEEE)","IEEE Journal of Selected Topics in Applied Earth Observations and Remote Sensing","1939-1404","1939-1404","2151-1535","1939-1404","https://creativecommons.org/licenses/by/4.0/legalcode",TRUE,NA,NA,NA,NA,TRUE
"DLR",2025,1561,"10.1109/jstars.2025.3629586",FALSE,"Institute of Electrical & Electronics Engineers (IEEE)","IEEE Journal of Selected Topics in Applied Earth Observations and Remote Sensing","1939-1404","1939-1404","2151-1535","1939-1404","https://creativecommons.org/licenses/by/4.0/legalcode",TRUE,NA,NA,NA,NA,TRUE
"DLR",2025,1544,"10.1109/jstars.2025.3638881",FALSE,"Institute of Electrical & Electronics Engineers (IEEE)","IEEE Journal of Selected Topics in Applied Earth Observations and Remote Sensing","1939-1404","1939-1404","2151-1535","1939-1404","https://creativecommons.org/licenses/by-nc-nd/4.0/",TRUE,NA,NA,NA,NA,TRUE
"DLR",2025,2187.09,"10.1109/lgrs.2025.3561654",TRUE,"Institute of Electrical & Electronics Engineers (IEEE)","IEEE Geoscience and Remote Sensing Letters","1545-598X","1545-598X","1558-0571","1545-598X","https://creativecommons.org/licenses/by/4.0/legalcode",TRUE,NA,NA,NA,NA,FALSE
"DLR",2025,2387.18,"10.1109/lgrs.2025.3566356",TRUE,"Institute of Electrical & Electronics Engineers (IEEE)","IEEE Geoscience and Remote Sensing Letters","1545-598X","1545-598X","1558-0571","1545-598X","https://creativecommons.org/licenses/by/4.0/legalcode",TRUE,NA,NA,NA,NA,FALSE
"DLR",2025,2268.63,"10.1109/lgrs.2025.3587517",TRUE,"Institute of Electrical & Electronics Engineers (IEEE)","IEEE Geoscience and Remote Sensing Letters","1545-598X","1545-598X","1558-0571","1545-598X","https://creativecommons.org/licenses/by/4.0/legalcode",TRUE,NA,NA,NA,NA,FALSE
"DLR",2025,2256.83,"10.1109/lgrs.2025.3610178",TRUE,"Institute of Electrical & Electronics Engineers (IEEE)","IEEE Geoscience and Remote Sensing Letters","1545-598X","1545-598X","1558-0571","1545-598X","https://creativecommons.org/licenses/by/4.0/legalcode",TRUE,NA,NA,NA,NA,FALSE
"DLR",2025,1872.57,"10.1109/lgrs.2025.3611449",TRUE,"Institute of Electrical & Electronics Engineers (IEEE)","IEEE Geoscience and Remote Sensing Letters","1545-598X","1545-598X","1558-0571","1545-598X","https://creativecommons.org/licenses/by/4.0/legalcode",TRUE,NA,NA,NA,NA,FALSE
"DLR",2025,2645,"10.1109/lgrs.2025.3619107",TRUE,"Institute of Electrical & Electronics Engineers (IEEE)","IEEE Geoscience and Remote Sensing Letters","1545-598X","1545-598X","1558-0571","1545-598X","https://creativecommons.org/licenses/by/4.0/legalcode",TRUE,NA,NA,NA,NA,FALSE
"DLR",2025,2587.25,"10.1109/mcse.2025.3573887",TRUE,"Institute of Electrical & Electronics Engineers (IEEE)","Computing in Science & Engineering","1521-9615","1521-9615","1558-366X","1521-9615","https://creativecommons.org/licenses/by/4.0/legalcode",TRUE,NA,NA,NA,NA,FALSE
"DLR",2025,2612.75,"10.1109/ms.2025.3564146",TRUE,"Institute of Electrical & Electronics Engineers (IEEE)","IEEE Software","0740-7459","0740-7459","1937-4194","0740-7459","https://creativecommons.org/licenses/by/4.0/legalcode",TRUE,NA,NA,NA,NA,FALSE
"DLR",2025,1780,"10.1109/ojits.2025.3638166",FALSE,"Institute of Electrical & Electronics Engineers (IEEE)","IEEE Open Journal of Intelligent Transportation Systems","2687-7813",NA,"2687-7813","2687-7813","https://creativecommons.org/licenses/by/4.0/legalcode",TRUE,NA,NA,NA,NA,TRUE
"DLR",2025,884.96,"10.1109/taes.2024.3517574",TRUE,"Institute of Electrical & Electronics Engineers (IEEE)","IEEE Transactions on Aerospace and Electronic Systems","0018-9251","0018-9251","1557-9603","0018-9251","https://creativecommons.org/licenses/by/4.0/legalcode",TRUE,NA,NA,NA,NA,FALSE
"DLR",2025,2139.98,"10.1109/tgrs.2025.3552114",TRUE,"Institute of Electrical & Electronics Engineers (IEEE)","IEEE Transactions on Geoscience and Remote Sensing","0196-2892","0196-2892","1558-0644","0196-2892","https://creativecommons.org/licenses/by/4.0/legalcode",TRUE,NA,NA,NA,NA,FALSE
"DLR",2025,3632.74,"10.1109/tgrs.2025.3557151",TRUE,"Institute of Electrical & Electronics Engineers (IEEE)","IEEE Transactions on Geoscience and Remote Sensing","0196-2892","0196-2892","1558-0644","0196-2892","https://creativecommons.org/licenses/by/4.0/legalcode",TRUE,NA,NA,NA,NA,FALSE
"DLR",2025,2276.46,"10.1109/tgrs.2025.3557542",TRUE,"Institute of Electrical & Electronics Engineers (IEEE)","IEEE Transactions on Geoscience and Remote Sensing","0196-2892","0196-2892","1558-0644","0196-2892","https://creativecommons.org/licenses/by/4.0/legalcode",TRUE,NA,NA,NA,NA,FALSE
"DLR",2025,2140.9,"10.1109/tgrs.2025.3607089",TRUE,"Institute of Electrical & Electronics Engineers (IEEE)","IEEE Transactions on Geoscience and Remote Sensing","0196-2892","0196-2892","1558-0644","0196-2892","https://creativecommons.org/licenses/by/4.0/legalcode",TRUE,NA,NA,NA,NA,FALSE
"",,,"","","","","","","","","","","","","","",""
"DLR",2025,2237.17,"10.1109/thms.2025.3527136",TRUE,"Institute of Electrical & Electronics Engineers (IEEE)","IEEE Transactions on Human-Machine Systems","2168-2291","2168-2291","2168-2305","2168-2291","https://creativecommons.org/licenses/by/4.0/legalcode",TRUE,NA,NA,NA,NA,FALSE
"DLR",2025,2384.96,"10.1109/tits.2025.3566633",TRUE,"Institute of Electrical & Electronics Engineers (IEEE)","IEEE Transactions on Intelligent Transportation Systems","1524-9050","1524-9050","1558-0016","1524-9050","https://creativecommons.org/licenses/by/4.0/legalcode",TRUE,NA,NA,NA,NA,FALSE
"DLR",2025,2284.9,"10.1109/trs.2025.3579042",TRUE,"Institute of Electrical & Electronics Engineers (IEEE)","IEEE Transactions on Radar Systems","2832-7357",NA,"2832-7357","2832-7357","https://creativecommons.org/licenses/by-nc-nd/4.0/",TRUE,NA,NA,NA,NA,FALSE
"DLR",2025,2296.53,"10.1109/twc.2025.3542478",TRUE,"Institute of Electrical & Electronics Engineers (IEEE)","IEEE Transactions on Wireless Communications","1536-1276","1536-1276","1558-2248","1536-1276","https://creativecommons.org/licenses/by/4.0/legalcode",TRUE,NA,NA,NA,NA,FALSE
"DLR",2025,1327.43,"10.1115/1.4069927",TRUE,"ASME International","Journal of Engineering for Gas Turbines and Power","0742-4795","0742-4795","1528-8919","0742-4795","https://creativecommons.org/licenses/by/4.0/",TRUE,NA,NA,NA,NA,FALSE
"DLR",2025,1617.65,"10.1127/metz/1251",FALSE,"Schweizerbart","Meteorologische Zeitschrift","0941-2948","0941-2948",NA,"0941-2948",NA,TRUE,NA,NA,NA,NA,TRUE
"DLR",2025,1317.65,"10.1127/metz/1275",FALSE,"Schweizerbart","Meteorologische Zeitschrift","0941-2948","0941-2948",NA,"0941-2948",NA,TRUE,NA,NA,NA,NA,TRUE
"DLR",2025,2117.65,"10.1127/metz/2025/1245",FALSE,"Schweizerbart","Meteorologische Zeitschrift","0941-2948","0941-2948",NA,"0941-2948",NA,TRUE,NA,NA,NA,NA,TRUE
"DLR",2025,3688,"10.1128/mbio.01099-25",FALSE,"American Society for Microbiology","mBio","2150-7511",NA,"2150-7511","2150-7511","https://creativecommons.org/licenses/by/4.0/",TRUE,"40823840","PMC12421960",NA,NA,TRUE
"DLR",2025,2920.35,"10.1137/23m161433x",TRUE,"Society for Industrial & Applied Mathematics (SIAM)","SIAM/ASA Journal on Uncertainty Quantification","2166-2525",NA,"2166-2525","2166-2525",NA,TRUE,NA,NA,NA,NA,FALSE
"DLR",2025,1906,"10.1139/as-2025-0062",FALSE,"Canadian Science Publishing","Arctic Science","2368-7460",NA,"2368-7460","2368-7460","https://creativecommons.org/licenses/by/4.0/deed.en_GB",TRUE,NA,NA,NA,NA,TRUE
"DLR",2025,1092,"10.1159/000545395",FALSE,"S. Karger AG","Digital Biomarkers","2504-110X",NA,"2504-110X","2504-110X","https://creativecommons.org/licenses/by-nc/4.0/",TRUE,"40438130","PMC12119073",NA,NA,TRUE
"DLR",2025,1192.33,"10.1175/jtech-d-24-0093.1",TRUE,"American Meteorological Society","Journal of Atmospheric and Oceanic Technology","0739-0572","0739-0572","1520-0426","0739-0572","https://creativecommons.org/licenses/by/4.0/",TRUE,NA,NA,NA,NA,FALSE
"DLR",2025,2381.45,"10.1177/22143602251387026",FALSE,"SAGE Publications","Journal of Neuromuscular Diseases","2214-3599","2214-3599","2214-3602","2214-3599","https://creativecommons.org/licenses/by-nc/4.0/",TRUE,"41223033",NA,NA,NA,FALSE
"DLR",2025,500,"10.12716/1001.19.04.24",FALSE,"Faculty of Navigation","TransNav, the International Journal on Marine Navigation and Safety of Sea Transportation","2083-6473","2083-6473",NA,"2083-6473",NA,TRUE,NA,NA,NA,NA,TRUE
"DLR",2025,2635.5,"10.1371/journal.pdig.0000966",FALSE,"Public Library of Science (PLoS)","PLOS Digital Health","2767-3170",NA,"2767-3170","2767-3170","http://creativecommons.org/licenses/by/4.0/",TRUE,"41259349","PMC12629462",NA,NA,TRUE
"DLR",2025,1945,"10.1371/journal.pone.0321691",FALSE,"Public Library of Science (PLoS)","PLOS ONE","1932-6203",NA,"1932-6203","1932-6203","http://creativecommons.org/licenses/by/4.0/",TRUE,"40258035","PMC12011240",NA,NA,TRUE
"DLR",2025,2037,"10.1371/journal.pone.0323984",FALSE,"Public Library of Science (PLoS)","PLOS ONE","1932-6203",NA,"1932-6203","1932-6203","http://creativecommons.org/licenses/by/4.0/",TRUE,"40929162","PMC12422425",NA,NA,TRUE
"DLR",2025,2031.54,"10.1371/journal.pone.0333902",FALSE,"Public Library of Science (PLoS)","PLOS ONE","1932-6203",NA,"1932-6203","1932-6203","http://creativecommons.org/licenses/by/4.0/",TRUE,"41082545","PMC12517508",NA,NA,TRUE
"DLR",2025,1968,"10.1371/journal.pone.0335909",FALSE,"Public Library of Science (PLoS)","PLOS ONE","1932-6203",NA,"1932-6203","1932-6203","http://creativecommons.org/licenses/by/4.0/",TRUE,"41223208","PMC12611161",NA,NA,TRUE
"DLR",2025,1999,"10.1371/journal.pone.0340060",FALSE,"Public Library of Science (PLoS)","PLOS ONE","1932-6203",NA,"1932-6203","1932-6203","http://creativecommons.org/licenses/by/4.0/",TRUE,"41666157","PMC12890098",NA,NA,TRUE
"DLR",2025,2856,"10.1515/zwf-2025-1161",TRUE,"Walter de Gruyter GmbH","Zeitschrift für wirtschaftlichen Fabrikbetrieb","2511-0896","0947-0085","2511-0896","0947-0085","http://creativecommons.org/licenses/by/4.0",TRUE,NA,NA,NA,NA,FALSE
"DLR",2025,1656,"10.20517/energymater.2025.51",FALSE,"OAE Publishing Inc.","Energy Materials","2770-5900",NA,"2770-5900","2770-5900",NA,TRUE,NA,NA,NA,NA,FALSE
"DLR",2025,2232.14,"10.2514/1.b39921",TRUE,"American Institute of Aeronautics and Astronautics (AIAA)","Journal of Propulsion and Power","0748-4658","0748-4658","1533-3876","0748-4658",NA,TRUE,NA,NA,NA,NA,FALSE
"DLR",2025,2322.14,"10.2514/1.b40033",TRUE,"American Institute of Aeronautics and Astronautics (AIAA)","Journal of Propulsion and Power","0748-4658","0748-4658","1533-3876","0748-4658",NA,TRUE,NA,NA,NA,NA,FALSE
"DLR",2025,2400,"10.2514/1.c037863",TRUE,"American Institute of Aeronautics and Astronautics (AIAA)","Journal of Aircraft","0021-8669","0021-8669","1533-3868","0021-8669",NA,TRUE,NA,NA,NA,NA,FALSE
"DLR",2025,2548.39,"10.2514/1.c038155",TRUE,"American Institute of Aeronautics and Astronautics (AIAA)","Journal of Aircraft","0021-8669","0021-8669","1533-3868","0021-8669",NA,TRUE,NA,NA,NA,NA,FALSE
"DLR",2025,2400,"10.2514/1.c038330",TRUE,"American Institute of Aeronautics and Astronautics (AIAA)","Journal of Aircraft","0021-8669","0021-8669","1533-3868","0021-8669",NA,TRUE,NA,NA,NA,NA,FALSE
"DLR",2025,2061.49,"10.2514/1.d0469",TRUE,"American Institute of Aeronautics and Astronautics (AIAA)","Journal of Air Transportation","2380-9450",NA,"2380-9450","2380-9450",NA,TRUE,NA,NA,NA,NA,FALSE
"DLR",2025,2400,"10.2514/1.i011439",TRUE,"American Institute of Aeronautics and Astronautics (AIAA)","Journal of Aerospace Information Systems","1940-3151","1940-3151","2327-3097","1542-9423",NA,TRUE,NA,NA,NA,NA,FALSE
"DLR",2025,2400,"10.2514/1.i011558",TRUE,"American Institute of Aeronautics and Astronautics (AIAA)","Journal of Aerospace Information Systems","1940-3151","1940-3151","2327-3097","1542-9423",NA,TRUE,NA,NA,NA,NA,FALSE
"DLR",2025,2400,"10.2514/1.j064522",TRUE,"American Institute of Aeronautics and Astronautics (AIAA)","AIAA Journal","0001-1452","0001-1452","1533-385X","0001-1452",NA,TRUE,NA,NA,NA,NA,FALSE
"DLR",2025,2473.13,"10.2514/1.j064663",TRUE,"American Institute of Aeronautics and Astronautics (AIAA)","AIAA Journal","0001-1452","0001-1452","1533-385X","0001-1452",NA,TRUE,NA,NA,NA,NA,FALSE
"DLR",2025,2338.47,"10.2514/1.j065731",TRUE,"American Institute of Aeronautics and Astronautics (AIAA)","AIAA Journal","0001-1452","0001-1452","1533-385X","0001-1452",NA,TRUE,NA,NA,NA,NA,FALSE
"DLR",2025,2319,"10.2514/1.j066023",TRUE,"American Institute of Aeronautics and Astronautics (AIAA)","AIAA Journal","0001-1452","0001-1452","1533-385X","0001-1452",NA,TRUE,NA,NA,NA,NA,FALSE
"DLR",2025,879,"10.33012/navi.689",FALSE,"Institute of Navigation","Navigation","0028-1522","0028-1522","2161-4296","0028-1522",NA,TRUE,NA,NA,NA,NA,TRUE
"DLR",2025,1304,"10.33012/navi.702",FALSE,"Institute of Navigation","Navigation","0028-1522","0028-1522","2161-4296","0028-1522",NA,TRUE,NA,NA,NA,NA,TRUE
"DLR",2025,1331,"10.33012/navi.740",FALSE,"Institute of Navigation","Navigation","0028-1522","0028-1522","2161-4296","0028-1522",NA,TRUE,NA,NA,NA,NA,TRUE
"DLR",2025,2313.23,"10.3389/fclim.2025.1548416",FALSE,"Frontiers Media SA","Frontiers in Climate","2624-9553",NA,"2624-9553","2624-9553","https://creativecommons.org/licenses/by/4.0/",TRUE,NA,NA,NA,NA,TRUE
"DLR",2025,952.51,"10.3389/fenrg.2025.1550419",FALSE,"Frontiers Media SA","Frontiers in Energy Research","2296-598X",NA,"2296-598X","2296-598X","https://creativecommons.org/licenses/by/4.0/",TRUE,NA,NA,NA,NA,TRUE
"DLR",2025,952.51,"10.3389/fenrg.2025.1600803",FALSE,"Frontiers Media SA","Frontiers in Energy Research","2296-598X",NA,"2296-598X","2296-598X","https://creativecommons.org/licenses/by/4.0/",TRUE,NA,NA,NA,NA,TRUE
"DLR",2025,1065.9,"10.3389/fenrg.2025.1617554",FALSE,"Frontiers Media SA","Frontiers in Energy Research","2296-598X",NA,"2296-598X","2296-598X","https://creativecommons.org/licenses/by/4.0/",TRUE,NA,NA,NA,NA,TRUE
"DLR",2025,1768.94,"10.3389/fenvh.2025.1635503",FALSE,"Frontiers Media SA","Frontiers in Environmental Health","2813-558X",NA,"2813-558X","2813-558X","https://creativecommons.org/licenses/by/4.0/",TRUE,NA,NA,NA,NA,TRUE
"DLR",2025,1768.94,"10.3389/ffutr.2025.1600739",FALSE,"Frontiers Media SA","Frontiers in Future Transportation","2673-5210",NA,"2673-5210","2673-5210","https://creativecommons.org/licenses/by/4.0/",TRUE,NA,NA,NA,NA,TRUE
"DLR",2025,2857.52,"10.3389/fmicb.2025.1625916",FALSE,"Frontiers Media SA","Frontiers in Microbiology","1664-302X",NA,"1664-302X","1664-302X","https://creativecommons.org/licenses/by/4.0/",TRUE,"41311500","PMC12650772",NA,NA,TRUE
"DLR",2025,2857.52,"10.3389/fmicb.2025.1659828",FALSE,"Frontiers Media SA","Frontiers in Microbiology","1664-302X",NA,"1664-302X","1664-302X","https://creativecommons.org/licenses/by/4.0/",TRUE,"40933135","PMC12417388",NA,NA,TRUE
"DLR",2025,1768.94,"10.3389/fnrgo.2025.1673268",FALSE,"Frontiers Media SA","Frontiers in Neuroergonomics","2673-6195",NA,"2673-6195","2673-6195","https://creativecommons.org/licenses/by/4.0/",TRUE,"41601584","PMC12833356",NA,NA,TRUE
"DLR",2025,2762.8,"10.3389/fped.2025.1520162",FALSE,"Frontiers Media SA","Frontiers in Pediatrics","2296-2360",NA,"2296-2360","2296-2360","https://creativecommons.org/licenses/by/4.0/",TRUE,"40538926","PMC12176858",NA,NA,TRUE
"DLR",2025,2762.8,"10.3389/fphys.2025.1530783",FALSE,"Frontiers Media SA","Frontiers in Physiology","1664-042X",NA,"1664-042X","1664-042X","https://creativecommons.org/licenses/by/4.0/",TRUE,"40066284","PMC11891356",NA,NA,TRUE
"DLR",2025,1768.94,"10.3389/fphys.2025.1600708",FALSE,"Frontiers Media SA","Frontiers in Physiology","1664-042X",NA,"1664-042X","1664-042X","https://creativecommons.org/licenses/by/4.0/",TRUE,"40630394","PMC12234515",NA,NA,TRUE
"DLR",2025,2857.52,"10.3389/fphys.2025.1645482",FALSE,"Frontiers Media SA","Frontiers in Physiology","1664-042X",NA,"1664-042X","1664-042X","https://creativecommons.org/licenses/by/4.0/",TRUE,"41164312","PMC12558760",NA,NA,TRUE
"DLR",2025,1768.94,"10.3389/frmbi.2025.1608732",FALSE,"Frontiers Media SA","Frontiers in Microbiomes","2813-4338",NA,"2813-4338","2813-4338","https://creativecommons.org/licenses/by/4.0/",TRUE,"41852389","PMC12993677",NA,NA,TRUE
"DLR",2025,1065.9,"10.3389/frsc.2025.1701390",FALSE,"Frontiers Media SA","Frontiers in Sustainable Cities","2624-9634",NA,"2624-9634","2624-9634","https://creativecommons.org/licenses/by/4.0/",TRUE,NA,NA,NA,NA,TRUE
"DLR",2025,1065.9,"10.3389/frsc.2026.1720101",FALSE,"Frontiers Media SA","Frontiers in Sustainable Cities","2624-9634",NA,"2624-9634","2624-9634","https://creativecommons.org/licenses/by/4.0/",TRUE,NA,NA,NA,NA,TRUE
"DLR",2025,1768.94,"10.3389/frsip.2026.1761293",FALSE,"Frontiers Media SA","Frontiers in Signal Processing","2673-8198",NA,"2673-8198","2673-8198","https://creativecommons.org/licenses/by/4.0/",TRUE,NA,NA,NA,NA,TRUE
"DLR",2025,1768.94,"10.3389/fspas.2025.1675769",FALSE,"Frontiers Media SA","Frontiers in Astronomy and Space Sciences","2296-987X",NA,"2296-987X","2296-987X","https://creativecommons.org/licenses/by/4.0/",TRUE,NA,NA,NA,NA,TRUE
"DLR",2025,1789.28,"10.3390/aerospace12020114",FALSE,"MDPI AG","Aerospace","2226-4310",NA,"2226-4310","2226-4310","https://creativecommons.org/licenses/by/4.0/",TRUE,NA,NA,NA,NA,TRUE
"DLR",2025,1788.2,"10.3390/aerospace12020156",FALSE,"MDPI AG","Aerospace","2226-4310",NA,"2226-4310","2226-4310","https://creativecommons.org/licenses/by/4.0/",TRUE,NA,NA,NA,NA,TRUE
"DLR",2025,1021.83,"10.3390/aerospace12030185",FALSE,"MDPI AG","Aerospace","2226-4310",NA,"2226-4310","2226-4310","https://creativecommons.org/licenses/by/4.0/",TRUE,NA,NA,NA,NA,TRUE
"DLR",2025,1794.78,"10.3390/aerospace12030227",FALSE,"MDPI AG","Aerospace","2226-4310",NA,"2226-4310","2226-4310","https://creativecommons.org/licenses/by/4.0/",TRUE,NA,NA,NA,NA,TRUE
"DLR",2025,1025.58,"10.3390/aerospace12040268",FALSE,"MDPI AG","Aerospace","2226-4310",NA,"2226-4310","2226-4310","https://creativecommons.org/licenses/by/4.0/",TRUE,NA,NA,NA,NA,TRUE
"DLR",2025,1794.78,"10.3390/aerospace12040321",FALSE,"MDPI AG","Aerospace","2226-4310",NA,"2226-4310","2226-4310","https://creativecommons.org/licenses/by/4.0/",TRUE,NA,NA,NA,NA,TRUE
"DLR",2025,1800.07,"10.3390/aerospace12040344",FALSE,"MDPI AG","Aerospace","2226-4310",NA,"2226-4310","2226-4310","https://creativecommons.org/licenses/by/4.0/",TRUE,NA,NA,NA,NA,TRUE
"DLR",2025,1800.07,"10.3390/aerospace12050373",FALSE,"MDPI AG","Aerospace","2226-4310",NA,"2226-4310","2226-4310","https://creativecommons.org/licenses/by/4.0/",TRUE,NA,NA,NA,NA,TRUE
"DLR",2025,1799.53,"10.3390/aerospace12060472",FALSE,"MDPI AG","Aerospace","2226-4310",NA,"2226-4310","2226-4310","https://creativecommons.org/licenses/by/4.0/",TRUE,NA,NA,NA,NA,TRUE
"DLR",2025,1799.53,"10.3390/aerospace12060482",FALSE,"MDPI AG","Aerospace","2226-4310",NA,"2226-4310","2226-4310","https://creativecommons.org/licenses/by/4.0/",TRUE,NA,NA,NA,NA,TRUE
"DLR",2025,1799.53,"10.3390/aerospace12060507",FALSE,"MDPI AG","Aerospace","2226-4310",NA,"2226-4310","2226-4310","https://creativecommons.org/licenses/by/4.0/",TRUE,NA,NA,NA,NA,TRUE
"DLR",2025,1793.13,"10.3390/aerospace12060528",FALSE,"MDPI AG","Aerospace","2226-4310",NA,"2226-4310","2226-4310","https://creativecommons.org/licenses/by/4.0/",TRUE,NA,NA,NA,NA,TRUE
"DLR",2025,1793.13,"10.3390/aerospace12080655",FALSE,"MDPI AG","Aerospace","2226-4310",NA,"2226-4310","2226-4310","https://creativecommons.org/licenses/by/4.0/",TRUE,NA,NA,NA,NA,TRUE
"DLR",2025,1803.47,"10.3390/aerospace12080661",FALSE,"MDPI AG","Aerospace","2226-4310",NA,"2226-4310","2226-4310","https://creativecommons.org/licenses/by/4.0/",TRUE,NA,NA,NA,NA,TRUE
"DLR",2025,1787.74,"10.3390/aerospace12090751",FALSE,"MDPI AG","Aerospace","2226-4310",NA,"2226-4310","2226-4310","https://creativecommons.org/licenses/by/4.0/",TRUE,NA,NA,NA,NA,TRUE
"DLR",2025,1799,"10.3390/aerospace12090835",FALSE,"MDPI AG","Aerospace","2226-4310",NA,"2226-4310","2226-4310","https://creativecommons.org/licenses/by/4.0/",TRUE,NA,NA,NA,NA,TRUE
"DLR",2025,1799,"10.3390/aerospace12090838",FALSE,"MDPI AG","Aerospace","2226-4310",NA,"2226-4310","2226-4310","https://creativecommons.org/licenses/by/4.0/",TRUE,NA,NA,NA,NA,TRUE
"DLR",2025,1799,"10.3390/aerospace12100903",FALSE,"MDPI AG","Aerospace","2226-4310",NA,"2226-4310","2226-4310","https://creativecommons.org/licenses/by/4.0/",TRUE,NA,NA,NA,NA,TRUE
"DLR",2025,1810.45,"10.3390/aerospace12111002",FALSE,"MDPI AG","Aerospace","2226-4310",NA,"2226-4310","2226-4310","https://creativecommons.org/licenses/by/4.0/",TRUE,NA,NA,NA,NA,TRUE
"DLR",2025,1325.53,"10.3390/aerospace12121114",FALSE,"MDPI AG","Aerospace","2226-4310",NA,"2226-4310","2226-4310","https://creativecommons.org/licenses/by/4.0/",TRUE,NA,NA,NA,NA,TRUE
"DLR",2025,1833.02,"10.3390/aerospace13010109",FALSE,"MDPI AG","Aerospace","2226-4310",NA,"2226-4310","2226-4310","https://creativecommons.org/licenses/by/4.0/",TRUE,NA,NA,NA,NA,TRUE
"DLR",2025,1833.02,"10.3390/aerospace13020158",FALSE,"MDPI AG","Aerospace","2226-4310",NA,"2226-4310","2226-4310","https://creativecommons.org/licenses/by/4.0/",TRUE,NA,NA,NA,NA,TRUE
"DLR",2025,1855.76,"10.3390/aerospace13020200",FALSE,"MDPI AG","Aerospace","2226-4310",NA,"2226-4310","2226-4310","https://creativecommons.org/licenses/by/4.0/",TRUE,NA,NA,NA,NA,TRUE
"DLR",2025,1060.44,"10.3390/aerospace13030226",FALSE,"MDPI AG","Aerospace","2226-4310",NA,"2226-4310","2226-4310","https://creativecommons.org/licenses/by/4.0/",TRUE,NA,NA,NA,NA,TRUE
"DLR",2025,1060.44,"10.3390/aerospace13030242",FALSE,"MDPI AG","Aerospace","2226-4310",NA,"2226-4310","2226-4310","https://creativecommons.org/licenses/by/4.0/",TRUE,NA,NA,NA,NA,TRUE
"DLR",2025,1937.23,"10.3390/agronomy15030665",FALSE,"MDPI AG","Agronomy","2073-4395",NA,"2073-4395","2073-4395","https://creativecommons.org/licenses/by/4.0/",TRUE,NA,NA,NA,NA,TRUE
"DLR",2025,1802.52,"10.3390/app152312636",FALSE,"MDPI AG","Applied Sciences","2076-3417",NA,"2076-3417","2076-3417","https://creativecommons.org/licenses/by/4.0/",TRUE,NA,NA,NA,NA,TRUE
"DLR",2025,1192.14,"10.3390/designs9010018",FALSE,"MDPI AG","Designs","2411-9660",NA,"2411-9660","2411-9660","https://creativecommons.org/licenses/by/4.0/",TRUE,NA,NA,NA,NA,TRUE
"DLR",2025,2010.41,"10.3390/drones10020141",FALSE,"MDPI AG","Drones","2504-446X",NA,"2504-446X","2504-446X","https://creativecommons.org/licenses/by/4.0/",TRUE,NA,NA,NA,NA,TRUE
"DLR",2025,2318.46,"10.3390/drones9040295",FALSE,"MDPI AG","Drones","2504-446X",NA,"2504-446X","2504-446X","https://creativecommons.org/licenses/by/4.0/",TRUE,NA,NA,NA,NA,TRUE
"DLR",2025,1952.73,"10.3390/drones9120858",FALSE,"MDPI AG","Drones","2504-446X",NA,"2504-446X","2504-446X","https://creativecommons.org/licenses/by/4.0/",TRUE,NA,NA,NA,NA,TRUE
"DLR",2025,1950.08,"10.3390/e27050507",FALSE,"MDPI AG","Entropy","1099-4300",NA,"1099-4300","1099-4300","https://creativecommons.org/licenses/by/4.0/",TRUE,"40422462","PMC12111387",NA,NA,TRUE
"DLR",2025,1842.37,"10.3390/e27060569",FALSE,"MDPI AG","Entropy","1099-4300",NA,"1099-4300","1099-4300","https://creativecommons.org/licenses/by/4.0/",TRUE,"40566156","PMC12192015",NA,NA,TRUE
"DLR",2025,1944.35,"10.3390/en18071720",FALSE,"MDPI AG","Energies","1996-1073",NA,"1996-1073","1996-1073","https://creativecommons.org/licenses/by/4.0/",TRUE,NA,NA,NA,NA,TRUE
"DLR",2025,1949,"10.3390/en18195287",FALSE,"MDPI AG","Energies","1996-1073",NA,"1996-1073","1996-1073","https://creativecommons.org/licenses/by/4.0/",TRUE,NA,NA,NA,NA,TRUE
"DLR",2025,1961.32,"10.3390/en18205354",FALSE,"MDPI AG","Energies","1996-1073",NA,"1996-1073","1996-1073","https://creativecommons.org/licenses/by/4.0/",TRUE,NA,NA,NA,NA,TRUE
"DLR",2025,1952.73,"10.3390/en18225988",FALSE,"MDPI AG","Energies","1996-1073",NA,"1996-1073","1996-1073","https://creativecommons.org/licenses/by/4.0/",TRUE,NA,NA,NA,NA,TRUE
"DLR",2025,1952.73,"10.3390/en18236308",FALSE,"MDPI AG","Energies","1996-1073",NA,"1996-1073","1996-1073","https://creativecommons.org/licenses/by/4.0/",TRUE,NA,NA,NA,NA,TRUE
"DLR",2025,1400.97,"10.3390/en19010042",FALSE,"MDPI AG","Energies","1996-1073",NA,"1996-1073","1996-1073","https://creativecommons.org/licenses/by/4.0/",TRUE,NA,NA,NA,NA,TRUE
"DLR",2025,1985.78,"10.3390/en19030839",FALSE,"MDPI AG","Energies","1996-1073",NA,"1996-1073","1996-1073","https://creativecommons.org/licenses/by/4.0/",TRUE,NA,NA,NA,NA,TRUE
"DLR",2025,1049,"10.3390/eng6090241",FALSE,"MDPI AG","Eng","2673-4117",NA,"2673-4117","2673-4117","https://creativecommons.org/licenses/by/4.0/",TRUE,NA,NA,NA,NA,TRUE
"DLR",2025,1049,"10.3390/eng6090246",FALSE,"MDPI AG","Eng","2673-4117",NA,"2673-4117","2673-4117","https://creativecommons.org/licenses/by/4.0/",TRUE,NA,NA,NA,NA,TRUE
"DLR",2025,1049,"10.3390/eng6090247",FALSE,"MDPI AG","Eng","2673-4117",NA,"2673-4117","2673-4117","https://creativecommons.org/licenses/by/4.0/",TRUE,NA,NA,NA,NA,TRUE
"DLR",2025,747.83,"10.3390/futuretransp5020035",FALSE,"MDPI AG","Future Transportation","2673-7590",NA,"2673-7590","2673-7590","https://creativecommons.org/licenses/by/4.0/",TRUE,NA,NA,NA,NA,TRUE
"DLR",2025,747.14,"10.3390/futuretransp5030087",FALSE,"MDPI AG","Future Transportation","2673-7590",NA,"2673-7590","2673-7590","https://creativecommons.org/licenses/by/4.0/",TRUE,NA,NA,NA,NA,TRUE
"DLR",2025,744.89,"10.3390/futuretransp5030119",FALSE,"MDPI AG","Future Transportation","2673-7590",NA,"2673-7590","2673-7590","https://creativecommons.org/licenses/by/4.0/",TRUE,NA,NA,NA,NA,TRUE
"DLR",2025,1552.7,"10.3390/ijms26189153",FALSE,"MDPI AG","International Journal of Molecular Sciences","1422-0067",NA,"1422-0067","1422-0067","https://creativecommons.org/licenses/by/4.0/",TRUE,"41009714","PMC12470565",NA,NA,FALSE
"DLR",2025,161.02,"10.3390/ijtpp10030028",FALSE,"MDPI AG","International Journal of Turbomachinery, Propulsion and Power","2504-186X",NA,"2504-186X","2504-186X","https://creativecommons.org/licenses/by/4.0/",TRUE,NA,NA,NA,NA,TRUE
"DLR",2025,155.59,"10.3390/ijtpp10040035",FALSE,"MDPI AG","International Journal of Turbomachinery, Propulsion and Power","2504-186X",NA,"2504-186X","2504-186X","https://creativecommons.org/licenses/by/4.0/",TRUE,NA,NA,NA,NA,TRUE
"DLR",2025,327.65,"10.3390/ijtpp10040042",FALSE,"MDPI AG","International Journal of Turbomachinery, Propulsion and Power","2504-186X",NA,"2504-186X","2504-186X","https://creativecommons.org/licenses/by/4.0/",TRUE,NA,NA,NA,NA,TRUE
"DLR",2025,1033.1,"10.3390/info16010064",FALSE,"MDPI AG","Information","2078-2489",NA,"2078-2489","2078-2489","https://creativecommons.org/licenses/by/4.0/",TRUE,NA,NA,NA,NA,TRUE
"DLR",2025,1049,"10.3390/instruments9030021",FALSE,"MDPI AG","Instruments","2410-390X",NA,"2410-390X","2410-390X","https://creativecommons.org/licenses/by/4.0/",TRUE,NA,NA,NA,NA,TRUE
"DLR",2025,1352.6,"10.3390/jcs9070367",FALSE,"MDPI AG","Journal of Composites Science","2504-477X",NA,"2504-477X","2504-477X","https://creativecommons.org/licenses/by/4.0/",TRUE,NA,NA,NA,NA,FALSE
"DLR",2025,1351.89,"10.3390/jcs9120695",FALSE,"MDPI AG","Journal of Composites Science","2504-477X",NA,"2504-477X","2504-477X","https://creativecommons.org/licenses/by/4.0/",TRUE,NA,NA,NA,NA,FALSE
"DLR",2025,1341.16,"10.3390/jmmp9030073",FALSE,"MDPI AG","Journal of Manufacturing and Materials Processing","2504-4494",NA,"2504-4494","2504-4494","https://creativecommons.org/licenses/by/4.0/",TRUE,NA,NA,NA,NA,TRUE
"DLR",2025,1944.35,"10.3390/jmse13040732",FALSE,"MDPI AG","Journal of Marine Science and Engineering","2077-1312",NA,"2077-1312","2077-1312","https://creativecommons.org/licenses/by/4.0/",TRUE,NA,NA,NA,NA,TRUE
"DLR",2025,1961.32,"10.3390/jmse13102015",FALSE,"MDPI AG","Journal of Marine Science and Engineering","2077-1312",NA,"2077-1312","2077-1312","https://creativecommons.org/licenses/by/4.0/",TRUE,NA,NA,NA,NA,TRUE
"DLR",2025,2371.48,"10.3390/life15111757",FALSE,"MDPI AG","Life","2075-1729",NA,"2075-1729","2075-1729","https://creativecommons.org/licenses/by/4.0/",TRUE,"41302181","PMC12654206",NA,NA,TRUE
"DLR",2025,1643.89,"10.3390/make7040140",FALSE,"MDPI AG","Machine Learning and Knowledge Extraction","2504-4990",NA,"2504-4990","2504-4990","https://creativecommons.org/licenses/by/4.0/",TRUE,NA,NA,NA,NA,TRUE
"DLR",2025,1384.56,"10.3390/met15020132",FALSE,"MDPI AG","Metals","2075-4701",NA,"2075-4701","2075-4701","https://creativecommons.org/licenses/by/4.0/",TRUE,NA,NA,NA,NA,TRUE
"DLR",2025,2025.08,"10.3390/rs17091610",FALSE,"MDPI AG","Remote Sensing","2072-4292",NA,"2072-4292","2072-4292","https://creativecommons.org/licenses/by/4.0/",TRUE,NA,NA,NA,NA,TRUE
"DLR",2025,2024.47,"10.3390/rs17111907",FALSE,"MDPI AG","Remote Sensing","2072-4292",NA,"2072-4292","2072-4292","https://creativecommons.org/licenses/by/4.0/",TRUE,NA,NA,NA,NA,TRUE
"DLR",2025,2028.9,"10.3390/rs17152558",FALSE,"MDPI AG","Remote Sensing","2072-4292",NA,"2072-4292","2072-4292","https://creativecommons.org/licenses/by/4.0/",TRUE,NA,NA,NA,NA,TRUE
"DLR",2025,2011.2,"10.3390/rs17173060",FALSE,"MDPI AG","Remote Sensing","2072-4292",NA,"2072-4292","2072-4292","https://creativecommons.org/licenses/by/4.0/",TRUE,NA,NA,NA,NA,TRUE
"DLR",2025,2062.15,"10.3390/rs18030445",FALSE,"MDPI AG","Remote Sensing","2072-4292",NA,"2072-4292","2072-4292","https://creativecommons.org/licenses/by/4.0/",TRUE,NA,NA,NA,NA,TRUE
"DLR",2025,2087.73,"10.3390/rs18040562",FALSE,"MDPI AG","Remote Sensing","2072-4292",NA,"2072-4292","2072-4292","https://creativecommons.org/licenses/by/4.0/",TRUE,NA,NA,NA,NA,TRUE
"DLR",2025,2087.73,"10.3390/rs18040598",FALSE,"MDPI AG","Remote Sensing","2072-4292",NA,"2072-4292","2072-4292","https://creativecommons.org/licenses/by/4.0/",TRUE,NA,NA,NA,NA,TRUE
"DLR",2025,2087.73,"10.3390/rs18040608",FALSE,"MDPI AG","Remote Sensing","2072-4292",NA,"2072-4292","2072-4292","https://creativecommons.org/licenses/by/4.0/",TRUE,NA,NA,NA,NA,TRUE
"DLR",2025,1942.56,"10.3390/s25144253",FALSE,"MDPI AG","Sensors","1424-8220",NA,"1424-8220","1424-8220","https://creativecommons.org/licenses/by/4.0/",TRUE,"40732384","PMC12300745",NA,NA,TRUE
"DLR",2025,1833.02,"10.3390/systems14010076",FALSE,"MDPI AG","Systems","2079-8954",NA,"2079-8954","2079-8954","https://creativecommons.org/licenses/by/4.0/",TRUE,NA,NA,NA,NA,TRUE
"DLR",2025,1049,"10.3390/wevj16100547",FALSE,"MDPI AG","World Electric Vehicle Journal","2032-6653",NA,"2032-6653","2032-6653","https://creativecommons.org/licenses/by/4.0/",TRUE,NA,NA,NA,NA,TRUE
"DLR",2025,1069.26,"10.3390/wevj17020088",FALSE,"MDPI AG","World Electric Vehicle Journal","2032-6653",NA,"2032-6653","2032-6653","https://creativecommons.org/licenses/by/4.0/",TRUE,NA,NA,NA,NA,TRUE
"DLR",2025,1457,"10.3847/1538-3881/ae196e",FALSE,"American Astronomical Society","The Astronomical Journal","0004-6256","0004-6256","1538-3881","0004-6256","https://creativecommons.org/licenses/by/4.0/",TRUE,NA,NA,NA,NA,TRUE
"DLR",2025,1740.8,"10.4050/jahs.70.032002",TRUE,"AHS International dba Vertical Flight Society","Journal of the American Helicopter Society","2161-6027","2161-6027",NA,"0002-8711",NA,TRUE,NA,NA,NA,NA,FALSE
"DLR",2025,1620,"10.5194/acp-25-13665-2025",FALSE,"Copernicus GmbH","Atmospheric Chemistry and Physics","1680-7324",NA,"1680-7324","1680-7316","https://creativecommons.org/licenses/by/4.0/",TRUE,NA,NA,NA,NA,TRUE
"DLR",2025,1620,"10.5194/acp-25-15009-2025",FALSE,"Copernicus GmbH","Atmospheric Chemistry and Physics","1680-7324",NA,"1680-7324","1680-7316","https://creativecommons.org/licenses/by/4.0/",TRUE,NA,NA,NA,NA,TRUE
"DLR",2025,1620,"10.5194/acp-25-16657-2025",FALSE,"Copernicus GmbH","Atmospheric Chemistry and Physics","1680-7324",NA,"1680-7324","1680-7316","https://creativecommons.org/licenses/by/4.0/",TRUE,NA,NA,NA,NA,TRUE
"DLR",2025,1620,"10.5194/acp-25-18341-2025",FALSE,"Copernicus GmbH","Atmospheric Chemistry and Physics","1680-7324",NA,"1680-7324","1680-7316","https://creativecommons.org/licenses/by/4.0/",TRUE,NA,NA,NA,NA,TRUE
"DLR",2025,1620,"10.5194/acp-25-18571-2025",FALSE,"Copernicus GmbH","Atmospheric Chemistry and Physics","1680-7324",NA,"1680-7324","1680-7316","https://creativecommons.org/licenses/by/4.0/",TRUE,NA,NA,NA,NA,TRUE
"DLR",2025,1530,"10.5194/acp-25-2845-2025",FALSE,"Copernicus GmbH","Atmospheric Chemistry and Physics","1680-7324",NA,"1680-7324","1680-7316","https://creativecommons.org/licenses/by/4.0/",TRUE,NA,NA,NA,NA,TRUE
"DLR",2025,1890,"10.5194/acp-25-3191-2025",FALSE,"Copernicus GmbH","Atmospheric Chemistry and Physics","1680-7324",NA,"1680-7324","1680-7316","https://creativecommons.org/licenses/by/4.0/",TRUE,NA,NA,NA,NA,TRUE
"DLR",2025,1050,"10.5194/acp-25-383-2025",FALSE,"Copernicus GmbH","Atmospheric Chemistry and Physics","1680-7324",NA,"1680-7324","1680-7316","https://creativecommons.org/licenses/by/4.0/",TRUE,NA,NA,NA,NA,TRUE
"DLR",2025,1425,"10.5194/acp-25-4131-2025",FALSE,"Copernicus GmbH","Atmospheric Chemistry and Physics","1680-7324",NA,"1680-7324","1680-7316","https://creativecommons.org/licenses/by/4.0/",TRUE,NA,NA,NA,NA,TRUE
"DLR",2025,1950,"10.5194/acp-25-5133-2025",FALSE,"Copernicus GmbH","Atmospheric Chemistry and Physics","1680-7324",NA,"1680-7324","1680-7316","https://creativecommons.org/licenses/by/4.0/",TRUE,NA,NA,NA,NA,TRUE
"DLR",2025,2142,"10.5194/acp-25-5911-2025",FALSE,"Copernicus GmbH","Atmospheric Chemistry and Physics","1680-7324",NA,"1680-7324","1680-7316","https://creativecommons.org/licenses/by/4.0/",TRUE,NA,NA,NA,NA,TRUE
"DLR",2025,1050,"10.5194/acp-25-6843-2025",FALSE,"Copernicus GmbH","Atmospheric Chemistry and Physics","1680-7324",NA,"1680-7324","1680-7316","https://creativecommons.org/licenses/by/4.0/",TRUE,NA,NA,NA,NA,TRUE
"DLR",2025,1650,"10.5194/acp-25-7903-2025",FALSE,"Copernicus GmbH","Atmospheric Chemistry and Physics","1680-7324",NA,"1680-7324","1680-7316","https://creativecommons.org/licenses/by/4.0/",TRUE,NA,NA,NA,NA,TRUE
"DLR",2025,1620,"10.5194/acp-25-9235-2025",FALSE,"Copernicus GmbH","Atmospheric Chemistry and Physics","1680-7324",NA,"1680-7324","1680-7316","https://creativecommons.org/licenses/by/4.0/",TRUE,NA,NA,NA,NA,TRUE
"DLR",2025,1620,"10.5194/acp-26-1867-2026",FALSE,"Copernicus GmbH","Atmospheric Chemistry and Physics","1680-7324",NA,"1680-7324","1680-7316","https://creativecommons.org/licenses/by/4.0/",TRUE,NA,NA,NA,NA,TRUE
"DLR",2025,1620,"10.5194/acp-26-3125-2026",FALSE,"Copernicus GmbH","Atmospheric Chemistry and Physics","1680-7324",NA,"1680-7324","1680-7316","https://creativecommons.org/licenses/by/4.0/",TRUE,NA,NA,NA,NA,TRUE
"DLR",2025,1620,"10.5194/acp-26-3145-2026",FALSE,"Copernicus GmbH","Atmospheric Chemistry and Physics","1680-7324",NA,"1680-7324","1680-7316","https://creativecommons.org/licenses/by/4.0/",TRUE,NA,NA,NA,NA,TRUE
"DLR",2025,2610,"10.5194/amt-17-6163-2024",FALSE,"Copernicus GmbH","Atmospheric Measurement Techniques","1867-8548",NA,"1867-8548","1867-1381","https://creativecommons.org/licenses/by/4.0/",TRUE,NA,NA,NA,NA,TRUE
"DLR",2025,1530,"10.5194/amt-18-1591-2025",FALSE,"Copernicus GmbH","Atmospheric Measurement Techniques","1867-8548",NA,"1867-8548","1867-1381","https://creativecommons.org/licenses/by/4.0/",TRUE,NA,NA,NA,NA,TRUE
"DLR",2025,1200,"10.5194/amt-18-2005-2025",FALSE,"Copernicus GmbH","Atmospheric Measurement Techniques","1867-8548",NA,"1867-8548","1867-1381","https://creativecommons.org/licenses/by/4.0/",TRUE,NA,NA,NA,NA,TRUE
"DLR",2025,2475,"10.5194/amt-18-2149-2025",FALSE,"Copernicus GmbH","Atmospheric Measurement Techniques","1867-8548",NA,"1867-8548","1867-1381","https://creativecommons.org/licenses/by/4.0/",TRUE,NA,NA,NA,NA,TRUE
"DLR",2025,1620,"10.5194/amt-18-5177-2025",FALSE,"Copernicus GmbH","Atmospheric Measurement Techniques","1867-8548",NA,"1867-8548","1867-1381","https://creativecommons.org/licenses/by/4.0/",TRUE,NA,NA,NA,NA,TRUE
"DLR",2025,1575,"10.5194/amt-18-5485-2025",FALSE,"Copernicus GmbH","Atmospheric Measurement Techniques","1867-8548",NA,"1867-8548","1867-1381","https://creativecommons.org/licenses/by/4.0/",TRUE,NA,NA,NA,NA,TRUE
"DLR",2025,1620,"10.5194/amt-18-5527-2025",FALSE,"Copernicus GmbH","Atmospheric Measurement Techniques","1867-8548",NA,"1867-8548","1867-1381","https://creativecommons.org/licenses/by/4.0/",TRUE,NA,NA,NA,NA,TRUE
"DLR",2025,1050,"10.5194/amt-18-5749-2025",FALSE,"Copernicus GmbH","Atmospheric Measurement Techniques","1867-8548",NA,"1867-8548","1867-1381","https://creativecommons.org/licenses/by/4.0/",TRUE,NA,NA,NA,NA,TRUE
"DLR",2025,1620,"10.5194/amt-18-6795-2025",FALSE,"Copernicus GmbH","Atmospheric Measurement Techniques","1867-8548",NA,"1867-8548","1867-1381","https://creativecommons.org/licenses/by/4.0/",TRUE,NA,NA,NA,NA,TRUE
"DLR",2025,1620,"10.5194/amt-18-7129-2025",FALSE,"Copernicus GmbH","Atmospheric Measurement Techniques","1867-8548",NA,"1867-8548","1867-1381","https://creativecommons.org/licenses/by/4.0/",TRUE,NA,NA,NA,NA,TRUE
"DLR",2025,1620,"10.5194/amt-18-7153-2025",FALSE,"Copernicus GmbH","Atmospheric Measurement Techniques","1867-8548",NA,"1867-8548","1867-1381","https://creativecommons.org/licenses/by/4.0/",TRUE,NA,NA,NA,NA,TRUE
"DLR",2025,1620,"10.5194/amt-19-1729-2026",FALSE,"Copernicus GmbH","Atmospheric Measurement Techniques","1867-8548",NA,"1867-8548","1867-1381","https://creativecommons.org/licenses/by/4.0/",TRUE,NA,NA,NA,NA,TRUE
"DLR",2025,1620,"10.5194/amt-19-185-2026",FALSE,"Copernicus GmbH","Atmospheric Measurement Techniques","1867-8548",NA,"1867-8548","1867-1381","https://creativecommons.org/licenses/by/4.0/",TRUE,NA,NA,NA,NA,TRUE
"DLR",2025,1350,"10.5194/angeo-43-331-2025",FALSE,"Copernicus GmbH","Annales Geophysicae","1432-0576",NA,"1432-0576","0992-7689","https://creativecommons.org/licenses/by/4.0/",TRUE,NA,NA,NA,NA,TRUE
"DLR",2025,1050,"10.5194/angeo-43-427-2025",FALSE,"Copernicus GmbH","Annales Geophysicae","1432-0576",NA,"1432-0576","0992-7689","https://creativecommons.org/licenses/by/4.0/",TRUE,NA,NA,NA,NA,TRUE
"DLR",2025,260,"10.5194/ars-22-77-2025",FALSE,"Copernicus GmbH","Advances in Radio Science","1684-9973",NA,"1684-9973","1684-9965","https://creativecommons.org/licenses/by/4.0/",TRUE,NA,NA,NA,NA,TRUE
"DLR",2025,442,"10.5194/ars-22-87-2026",FALSE,"Copernicus GmbH","Advances in Radio Science","1684-9973",NA,"1684-9973","1684-9965","https://creativecommons.org/licenses/by/4.0/",TRUE,NA,NA,NA,NA,TRUE
"DLR",2025,2340,"10.5194/bg-22-3721-2025",FALSE,"Copernicus GmbH","Biogeosciences","1726-4189",NA,"1726-4189","1726-4170","https://creativecommons.org/licenses/by/4.0/",TRUE,NA,NA,NA,NA,TRUE
"DLR",2025,1575,"10.5194/acp-24-13503-2024",FALSE,"Copernicus GmbH","Atmospheric Chemistry and Physics","1680-7324",NA,"1680-7324","1680-7316","https://creativecommons.org/licenses/by/4.0/",TRUE,NA,NA,NA,NA,TRUE
"DLR",2025,1800,"10.5194/esd-16-607-2025",FALSE,"Copernicus GmbH","Earth System Dynamics","2190-4987",NA,"2190-4987","2190-4987","https://creativecommons.org/licenses/by/4.0/",TRUE,NA,NA,NA,NA,TRUE
"DLR",2025,1260,"10.5194/essd-17-6807-2025",FALSE,"Copernicus GmbH","Earth System Science Data","1866-3516",NA,"1866-3516","1866-3508","https://creativecommons.org/licenses/by/4.0/",TRUE,NA,NA,NA,NA,TRUE
"DLR",2025,1260,"10.5194/essd-18-1619-2026",FALSE,"Copernicus GmbH","Earth System Science Data","1866-3516",NA,"1866-3516","1866-3508","https://creativecommons.org/licenses/by/4.0/",TRUE,NA,NA,NA,NA,TRUE
"DLR",2025,720,"10.5194/gi-14-131-2025",FALSE,"Copernicus GmbH","Geoscientific Instrumentation, Methods and Data Systems","2193-0864",NA,"2193-0864","2193-0856","https://creativecommons.org/licenses/by/4.0/",TRUE,NA,NA,NA,NA,TRUE
"DLR",2025,1600,"10.5194/gmd-18-1169-2025",FALSE,"Copernicus GmbH","Geoscientific Model Development","1991-9603",NA,"1991-9603","1991-959X","https://creativecommons.org/licenses/by/4.0/",TRUE,NA,NA,NA,NA,TRUE
"DLR",2025,1600,"10.5194/gmd-18-3681-2025",FALSE,"Copernicus GmbH","Geoscientific Model Development","1991-9603",NA,"1991-9603","1991-959X","https://creativecommons.org/licenses/by/4.0/",TRUE,NA,NA,NA,NA,TRUE
"DLR",2025,1600,"10.5194/gmd-18-4009-2025",FALSE,"Copernicus GmbH","Geoscientific Model Development","1991-9603",NA,"1991-9603","1991-959X","https://creativecommons.org/licenses/by/4.0/",TRUE,NA,NA,NA,NA,TRUE
"DLR",2025,1600,"10.5194/gmd-18-4353-2025",FALSE,"Copernicus GmbH","Geoscientific Model Development","1991-9603",NA,"1991-9603","1991-959X","https://creativecommons.org/licenses/by/4.0/",TRUE,NA,NA,NA,NA,TRUE
"DLR",2025,1600,"10.5194/gmd-18-4713-2025",FALSE,"Copernicus GmbH","Geoscientific Model Development","1991-9603",NA,"1991-9603","1991-959X","https://creativecommons.org/licenses/by/4.0/",TRUE,NA,NA,NA,NA,TRUE
"DLR",2025,1782,"10.5194/gmd-18-8485-2025",FALSE,"Copernicus GmbH","Geoscientific Model Development","1991-9603",NA,"1991-9603","1991-959X","https://creativecommons.org/licenses/by/4.0/",TRUE,NA,NA,NA,NA,TRUE
"DLR",2025,1782,"10.5194/gmd-19-447-2026",FALSE,"Copernicus GmbH","Geoscientific Model Development","1991-9603",NA,"1991-9603","1991-959X","https://creativecommons.org/licenses/by/4.0/",TRUE,NA,NA,NA,NA,TRUE
"DLR",2025,1875,"10.5194/tc-19-2431-2025",FALSE,"Copernicus GmbH","The Cryosphere","1994-0424",NA,"1994-0424","1994-0416","https://creativecommons.org/licenses/by/4.0/",TRUE,NA,NA,NA,NA,TRUE
"DLR",2025,810,"10.5194/tc-19-3873-2025",FALSE,"Copernicus GmbH","The Cryosphere","1994-0424",NA,"1994-0424","1994-0416","https://creativecommons.org/licenses/by/4.0/",TRUE,NA,NA,NA,NA,TRUE
"DLR",2025,1050,"10.5194/tc-19-4701-2025",FALSE,"Copernicus GmbH","The Cryosphere","1994-0424",NA,"1994-0424","1994-0416","https://creativecommons.org/licenses/by/4.0/",TRUE,NA,NA,NA,NA,TRUE
"DLR",2025,1725,"10.5194/tc-20-699-2026",FALSE,"Copernicus GmbH","The Cryosphere","1994-0424",NA,"1994-0424","1994-0416","https://creativecommons.org/licenses/by/4.0/",TRUE,NA,NA,NA,NA,TRUE
"DLR",2025,1480,"10.5194/wes-10-2217-2025",FALSE,"Copernicus GmbH","Wind Energy Science","2366-7451",NA,"2366-7451","2366-7443","https://creativecommons.org/licenses/by/4.0/",TRUE,NA,NA,NA,NA,TRUE
"DLR",2025,1406,"10.5194/wes-10-2237-2025",FALSE,"Copernicus GmbH","Wind Energy Science","2366-7451",NA,"2366-7451","2366-7443","https://creativecommons.org/licenses/by/4.0/",TRUE,NA,NA,NA,NA,TRUE
"DLR",2025,453.75,"10.62161/sauc.v11.6017",FALSE,"Visualcom Scientific Publications SL","Street Art & Urban Creativity","2183-9956",NA,"2183-9956","2183-3869","https://creativecommons.org/licenses/by-nd/4.0",TRUE,NA,NA,NA,NA,FALSE
