"doi","colour charge","cover charge","page charge","permission","reprint","submission fee","payment fee","other"
"10.1155/2024/9571236",NA,NA,NA,NA,NA,NA,NA,NA
"10.1002/epi4.12916",NA,NA,NA,NA,NA,NA,NA,NA
"10.1002/clt2.12343",NA,NA,NA,NA,NA,NA,NA,NA
"10.1155/2024/5558634",NA,NA,NA,NA,NA,NA,NA,NA
"10.1002/advs.202308447",NA,NA,NA,NA,NA,NA,NA,NA
"10.1002/clt2.12390",NA,NA,NA,NA,NA,NA,NA,NA
"10.1111/ene.16280",NA,NA,NA,NA,NA,NA,NA,NA
"10.1002/clt2.12349",NA,NA,NA,NA,NA,NA,NA,NA
"10.1002/clt2.12353",NA,NA,NA,NA,NA,NA,NA,NA
"10.1002/hbm.26690",NA,NA,NA,NA,NA,NA,NA,NA
"10.1002/advs.202403516",NA,NA,NA,NA,NA,NA,NA,NA
"10.1002/clt2.12358",NA,NA,NA,NA,NA,NA,NA,NA
"10.1002/ehf2.14889",NA,NA,NA,NA,NA,NA,NA,NA
"10.1002/advs.202402338",NA,NA,NA,NA,NA,NA,NA,NA
"10.1002/acn3.52121",NA,NA,NA,NA,NA,NA,NA,NA
"10.1002/clt2.12377",NA,NA,NA,NA,NA,NA,NA,NA
"10.1002/hbm.26701",NA,NA,NA,NA,NA,NA,NA,NA
"10.1111/adb.13424",NA,NA,NA,NA,NA,NA,NA,NA
"10.1002/jeo2.12102",NA,NA,NA,NA,NA,NA,NA,NA
"10.1002/acn3.52166",NA,NA,NA,NA,NA,NA,NA,NA
"10.1111/acel.14322",NA,NA,NA,NA,NA,NA,NA,NA
"10.1002/clt2.70002",NA,NA,NA,NA,NA,NA,NA,NA
"10.1002/clt2.70005",NA,NA,NA,NA,NA,NA,NA,NA
"10.1002/clt2.70008",NA,NA,NA,NA,NA,NA,NA,NA
"10.1002/jcsm.13628",NA,NA,NA,NA,NA,NA,NA,NA
"10.1002/hbm.70095",NA,NA,NA,NA,NA,NA,NA,NA
"10.1002/advs.202410473",NA,NA,NA,NA,NA,NA,NA,NA
"10.1111/aphw.12528",NA,NA,NA,NA,NA,NA,NA,NA
"10.1002/gps.6060",NA,NA,NA,NA,NA,NA,NA,NA
"10.1111/apha.14104",NA,NA,NA,NA,NA,NA,NA,NA
"10.1111/jgs.18790",NA,NA,NA,NA,NA,NA,NA,NA
"10.1111/prd.12553",NA,NA,NA,NA,NA,NA,NA,NA
"10.1111/pai.14080",NA,NA,NA,NA,NA,NA,NA,NA
"10.1111/ddg.15387",NA,NA,NA,NA,NA,NA,NA,NA
"10.1111/ejh.14185",NA,NA,NA,NA,NA,NA,NA,NA
"10.1002/mrm.30050",NA,NA,NA,NA,NA,NA,NA,NA
"10.1111/pai.14087",NA,NA,NA,NA,NA,NA,NA,NA
"10.1111/epi.17916",NA,NA,NA,NA,NA,NA,NA,NA
"10.1002/ana.26893",NA,NA,NA,NA,NA,NA,NA,NA
"10.1111/ejn.16282",NA,NA,NA,NA,NA,NA,NA,NA
"10.1002/ksa.12094",NA,NA,NA,NA,NA,NA,NA,NA
"10.1111/jdv.19911",NA,NA,NA,NA,NA,NA,NA,NA
"10.1111/jdv.19940",NA,NA,NA,NA,NA,NA,NA,NA
"10.1002/ccd.30992",NA,NA,NA,NA,NA,NA,NA,NA
"10.1111/apha.14124",NA,NA,NA,NA,NA,NA,NA,NA
"10.1002/bewi.202300021",NA,NA,NA,NA,NA,NA,NA,NA
"10.1111/eip.13522",NA,NA,NA,NA,NA,NA,NA,NA
"10.1002/sim.10061",NA,NA,NA,NA,NA,NA,NA,NA
"10.1111/ejh.14198",NA,NA,NA,NA,NA,NA,NA,NA
"10.1002/ajmg.a.63599",NA,NA,NA,NA,NA,NA,NA,NA
"10.1002/cyto.a.24836",NA,NA,NA,NA,NA,NA,NA,NA
"10.1111/imr.13324",NA,NA,NA,NA,NA,NA,NA,NA
"10.1002/dneu.22938",NA,NA,NA,NA,NA,NA,NA,NA
"10.1111/jtxs.12833",NA,NA,NA,NA,NA,NA,NA,NA
"10.1002/jmv.29539",NA,NA,NA,NA,NA,NA,NA,NA
"10.1111/cob.12659",NA,NA,NA,NA,NA,NA,NA,NA
"10.1111/exd.15080",NA,NA,NA,NA,NA,NA,NA,NA
"10.1002/ejhf.3247",NA,NA,NA,NA,NA,NA,NA,NA
"10.1111/ijd.17196",NA,NA,NA,NA,NA,NA,NA,NA
"10.1002/dta.3702",NA,NA,NA,NA,NA,NA,NA,NA
"10.1111/dom.15627",NA,NA,NA,NA,NA,NA,NA,NA
"10.1111/echo.15824",NA,NA,NA,NA,NA,NA,NA,NA
"10.1002/ijc.34980",NA,NA,NA,NA,NA,NA,NA,NA
"10.1111/jdv.20071",NA,NA,NA,NA,NA,NA,NA,NA
"10.1111/ics.12971",NA,NA,NA,NA,NA,NA,NA,NA
"10.1111/ics.12950",NA,NA,NA,NA,NA,NA,NA,NA
"10.1111/jcpe.13998",NA,NA,NA,NA,NA,NA,NA,NA
"10.1002/ejhf.3286",NA,NA,NA,NA,NA,NA,NA,NA
"10.1111/epi.18034",NA,NA,NA,NA,NA,NA,NA,NA
"10.1002/mus.28182",NA,NA,NA,NA,NA,NA,NA,NA
"10.1111/cea.14516",NA,NA,NA,NA,NA,NA,NA,NA
"10.1111/apha.14190",NA,NA,NA,NA,NA,NA,NA,NA
"10.1111/ddg.15506",NA,NA,NA,NA,NA,NA,NA,NA
"10.1111/epi.18048",NA,NA,NA,NA,NA,NA,NA,NA
"10.1111/cea.14527",NA,NA,NA,NA,NA,NA,NA,NA
"10.1111/ddg.15510",NA,NA,NA,NA,NA,NA,NA,NA
"10.1111/cen3.12805",NA,NA,NA,NA,NA,NA,NA,NA
"10.1002/ksa.12319",NA,NA,NA,NA,NA,NA,NA,NA
"10.1002/ksa.12342",NA,NA,NA,NA,NA,NA,NA,NA
"10.1002/ijgo.15756",NA,NA,NA,NA,NA,NA,NA,NA
"10.1002/ijc.35079",NA,NA,NA,NA,NA,NA,NA,NA
"10.1002/ejhf.3373",NA,NA,NA,NA,NA,NA,NA,NA
"10.1111/ctr.15400",NA,NA,NA,NA,NA,NA,NA,NA
"10.1111/echo.15889",NA,NA,NA,NA,NA,NA,NA,NA
"10.1111/disa.12651",NA,NA,NA,NA,NA,NA,NA,NA
"10.1111/jar.13275",NA,NA,NA,NA,NA,NA,NA,NA
"10.1002/jper.24-0208",NA,NA,NA,NA,NA,NA,NA,NA
"10.1111/liv.16037",NA,NA,NA,NA,NA,NA,NA,NA
"10.1002/mds.29940",NA,NA,NA,NA,NA,NA,NA,NA
"10.1111/all.16243",NA,NA,NA,NA,NA,NA,NA,NA
"10.1111/apa.17362",NA,NA,NA,NA,NA,NA,NA,NA
"10.1111/all.16250",NA,NA,NA,NA,NA,NA,NA,NA
"10.1111/apha.14211",NA,NA,NA,NA,NA,NA,NA,NA
"10.1111/aphw.12582",NA,NA,NA,NA,NA,NA,NA,NA
"10.1111/jsr.14299",NA,NA,NA,NA,NA,NA,NA,NA
"10.1111/febs.17238",NA,NA,NA,NA,NA,NA,NA,NA
"10.1111/joa.14129",NA,NA,NA,NA,NA,NA,NA,NA
"10.1111/jcpe.14066",NA,NA,NA,NA,NA,NA,NA,NA
"10.1111/all.16239",NA,NA,NA,NA,NA,NA,NA,NA
"10.1111/apha.14226",NA,NA,NA,NA,NA,NA,NA,NA
"10.1111/aor.14856",NA,NA,NA,NA,NA,NA,NA,NA
"10.1002/cyto.b.22203",NA,NA,NA,NA,NA,NA,NA,NA
"10.1111/jne.13446",NA,NA,NA,NA,NA,NA,NA,NA
"10.1111/jdv.20320",NA,NA,NA,NA,NA,NA,NA,NA
"10.1111/birt.12878",NA,NA,NA,NA,NA,NA,NA,NA
"10.1002/ksa.12476",NA,NA,NA,NA,NA,NA,NA,NA
"10.1002/biof.2123",NA,NA,NA,NA,NA,NA,NA,NA
"10.1111/age.13476",NA,NA,NA,NA,NA,NA,NA,NA
"10.1002/ijc.35201",NA,NA,NA,NA,NA,NA,NA,NA
"10.1111/imr.13405",NA,NA,NA,NA,NA,NA,NA,NA
"10.1111/nan.13010",NA,NA,NA,NA,NA,NA,NA,NA
"10.1002/mabi.202400286",NA,NA,NA,NA,NA,NA,NA,NA
"10.1002/ijc.35209",NA,NA,NA,NA,NA,NA,NA,NA
"10.1111/jnc.16248",NA,NA,NA,NA,NA,NA,NA,NA
"10.1111/apha.14242",NA,NA,NA,NA,NA,NA,NA,NA
"10.1002/ppul.27295",NA,NA,NA,NA,NA,NA,NA,NA
"10.1002/ejhf.3497",NA,NA,NA,NA,NA,NA,NA,NA
"10.1002/jbm.b.35494",NA,NA,NA,NA,NA,NA,NA,NA
"10.1002/sim.10262",NA,NA,NA,NA,NA,NA,NA,NA
"10.1002/smtd.202401123",NA,NA,NA,NA,NA,NA,NA,NA
"10.1111/medu.15563",NA,NA,NA,NA,NA,NA,NA,NA
"10.1002/cyto.a.24903",NA,NA,NA,NA,NA,NA,NA,NA
"10.1002/jso.27988",NA,NA,NA,NA,NA,NA,NA,NA
"10.1111/cid.13417",NA,NA,NA,NA,NA,NA,NA,NA
"10.1111/his.15350",NA,NA,NA,NA,NA,NA,NA,NA
"10.1111/echo.70033",NA,NA,NA,NA,NA,NA,NA,NA
"10.1111/jerd.13365",NA,NA,NA,NA,NA,NA,NA,NA
"10.1002/ejhf.3516",NA,NA,NA,NA,NA,NA,NA,NA
"10.1002/ana.27138",NA,NA,NA,NA,NA,NA,NA,NA
"10.1002/nbm.5299",NA,NA,NA,NA,NA,NA,NA,NA
"10.1002/pon.70038",NA,NA,NA,NA,NA,NA,NA,NA
"10.1111/aor.14926",NA,NA,NA,NA,NA,NA,NA,NA
"10.1111/cea.14606",NA,NA,NA,NA,NA,NA,NA,NA
"10.1002/bimj.202300240",NA,NA,NA,NA,NA,NA,NA,NA
"10.1002/jor.25949",NA,NA,NA,NA,NA,NA,NA,NA
"10.1111/ddg.15414",NA,NA,NA,NA,NA,NA,NA,NA
"10.1111/apha.14207",NA,NA,NA,NA,NA,NA,NA,NA
"10.1111/cea.14479",NA,NA,NA,NA,NA,NA,NA,NA
"10.1111/jdv.20148",NA,NA,NA,NA,NA,NA,NA,NA
"10.1111/apha.14192",NA,NA,NA,NA,NA,NA,NA,NA
"10.1111/medu.15406",NA,NA,NA,NA,NA,NA,NA,NA
"10.1111/ddg.15455",NA,NA,NA,NA,NA,NA,NA,NA
"10.1111/apha.14182",NA,NA,NA,NA,NA,NA,NA,NA
"10.1002/jso.27987",NA,NA,NA,NA,NA,NA,NA,NA
"10.1002/art.43059",NA,NA,NA,NA,NA,NA,NA,NA
"10.1111/aor.14891",NA,NA,NA,NA,NA,NA,NA,NA
"10.1186/s12889-023-17446-1",NA,NA,NA,NA,NA,NA,NA,NA
"10.1038/s41467-023-44373-x",NA,NA,NA,NA,NA,NA,NA,NA
"10.1186/s12909-023-04985-9",NA,NA,NA,NA,NA,NA,NA,NA
"10.1038/s41598-023-50669-1",NA,NA,NA,NA,NA,NA,NA,NA
"10.1186/s12903-023-03837-8",NA,NA,NA,NA,NA,NA,NA,NA
"10.1186/s13550-023-01065-3",NA,NA,NA,NA,NA,NA,NA,NA
"10.1007/s00384-023-04586-4",NA,NA,NA,NA,NA,NA,NA,NA
"10.1038/s41746-024-01000-3",NA,NA,NA,NA,NA,NA,NA,NA
"10.1186/s12879-024-09015-7",NA,NA,NA,NA,NA,NA,NA,NA
"10.1186/s12874-024-02150-4",NA,NA,NA,NA,NA,NA,NA,NA
"10.1186/s13054-024-04815-4",NA,NA,NA,NA,NA,NA,NA,NA
"10.1038/s41598-024-52890-y",NA,NA,NA,NA,NA,NA,NA,NA
"10.1038/s41598-024-53179-w",NA,NA,NA,NA,NA,NA,NA,NA
"10.1186/s12889-024-17903-5",NA,NA,NA,NA,NA,NA,NA,NA
"10.1186/s40249-024-01182-8",NA,NA,NA,NA,NA,NA,NA,NA
"10.1186/s13019-024-02581-6",NA,NA,NA,NA,NA,NA,NA,NA
"10.1186/s42466-024-00311-w",NA,NA,NA,NA,NA,NA,NA,NA
"10.1038/s41598-024-53941-0",NA,NA,NA,NA,NA,NA,NA,NA
"10.1186/s12902-024-01555-y",NA,NA,NA,NA,NA,NA,NA,NA
"10.1038/s41598-024-54759-6",NA,NA,NA,NA,NA,NA,NA,NA
"10.1038/s41598-024-53839-x",NA,NA,NA,NA,NA,NA,NA,NA
"10.1038/s41467-024-45827-6",NA,NA,NA,NA,NA,NA,NA,NA
"10.1186/s12974-024-03042-6",NA,NA,NA,NA,NA,NA,NA,NA
"10.1038/s41598-024-54787-2",NA,NA,NA,NA,NA,NA,NA,NA
"10.1038/s41467-024-46092-3",NA,NA,NA,NA,NA,NA,NA,NA
"10.1186/s12871-024-02456-2",NA,NA,NA,NA,NA,NA,NA,NA
"10.1186/s41256-024-00347-0",NA,NA,NA,NA,NA,NA,NA,NA
"10.1038/s41598-024-58508-7",NA,NA,NA,NA,NA,NA,NA,NA
"10.1186/s13063-024-07982-5",NA,NA,NA,NA,NA,NA,NA,NA
"10.1186/s12874-024-02190-w",NA,NA,NA,NA,NA,NA,NA,NA
"10.1038/s41598-024-55821-z",NA,NA,NA,NA,NA,NA,NA,NA
"10.1186/s12885-024-11979-3",NA,NA,NA,NA,NA,NA,NA,NA
"10.1057/s41599-024-02871-3",NA,NA,NA,NA,NA,NA,NA,NA
"10.1038/s41598-024-55881-1",NA,NA,NA,NA,NA,NA,NA,NA
"10.1186/s13063-024-08025-9",NA,NA,NA,NA,NA,NA,NA,NA
"10.1186/s13018-024-04659-2",NA,NA,NA,NA,NA,NA,NA,NA
"10.1186/s13063-024-08029-5",NA,NA,NA,NA,NA,NA,NA,NA
"10.1186/s12879-024-09191-6",NA,NA,NA,NA,NA,NA,NA,NA
"10.1038/s41531-024-00693-3",NA,NA,NA,NA,NA,NA,NA,NA
"10.1038/s41408-024-01032-8",NA,NA,NA,NA,NA,NA,NA,NA
"10.1186/s40729-024-00529-y",NA,NA,NA,NA,NA,NA,NA,NA
"10.1186/s12939-024-02138-y",NA,NA,NA,NA,NA,NA,NA,NA
"10.1186/s12903-024-04129-5",NA,NA,NA,NA,NA,NA,NA,NA
"10.1186/s12885-024-12127-7",NA,NA,NA,NA,NA,NA,NA,NA
"10.1186/s12885-024-12113-z",NA,NA,NA,NA,NA,NA,NA,NA
"10.1186/s12995-024-00403-y",NA,NA,NA,NA,NA,NA,NA,NA
"10.1186/s10194-024-01804-4",NA,NA,NA,NA,NA,NA,NA,NA
"10.1186/s13063-024-08114-9",NA,NA,NA,NA,NA,NA,NA,NA
"10.1186/s13063-024-08067-z",NA,NA,NA,NA,NA,NA,NA,NA
"10.1038/s41467-024-47149-z",NA,NA,NA,NA,NA,NA,NA,NA
"10.1186/s12913-024-10902-7",NA,NA,NA,NA,NA,NA,NA,NA
"10.1186/s13046-024-03066-z",NA,NA,NA,NA,NA,NA,NA,NA
"10.1038/s44319-024-00130-9",NA,NA,NA,NA,NA,NA,NA,NA
"10.1007/s00018-024-05230-2",NA,NA,NA,NA,NA,NA,NA,NA
"10.1038/s41467-024-47860-x",NA,NA,NA,NA,NA,NA,NA,NA
"10.1186/s12913-024-10819-1",NA,NA,NA,NA,NA,NA,NA,NA
"10.1186/s40478-024-01739-6",NA,NA,NA,NA,NA,NA,NA,NA
"10.1038/s41598-024-61808-7",NA,NA,NA,NA,NA,NA,NA,NA
"10.1038/s41467-024-48096-5",NA,NA,NA,NA,NA,NA,NA,NA
"10.1038/s41392-024-01878-1",NA,NA,NA,NA,NA,NA,NA,NA
"10.1038/s41598-024-57066-2",NA,NA,NA,NA,NA,NA,NA,NA
"10.1186/s12933-024-02285-0",NA,NA,NA,NA,NA,NA,NA,NA
"10.1038/s41536-024-00359-x",NA,NA,NA,NA,NA,NA,NA,NA
"10.1186/s42466-024-00317-4",NA,NA,NA,NA,NA,NA,NA,NA
"10.1186/s12909-024-05434-x",NA,NA,NA,NA,NA,NA,NA,NA
"10.1186/s12909-024-05553-5",NA,NA,NA,NA,NA,NA,NA,NA
"10.1038/s41598-024-60025-6",NA,NA,NA,NA,NA,NA,NA,NA
"10.1186/s12896-024-00854-5",NA,NA,NA,NA,NA,NA,NA,NA
"10.1038/s42003-024-06399-9",NA,NA,NA,NA,NA,NA,NA,NA
"10.1007/s44253-024-00043-4",NA,NA,NA,NA,NA,NA,NA,NA
"10.1186/s40001-024-01884-7",NA,NA,NA,NA,NA,NA,NA,NA
"10.1038/s41598-024-64971-z",NA,NA,NA,NA,NA,NA,NA,NA
"10.1038/s41598-024-63657-w",NA,NA,NA,NA,NA,NA,NA,NA
"10.1038/s41598-024-64406-9",NA,NA,NA,NA,NA,NA,NA,NA
"10.1186/s41747-024-00466-w",NA,NA,NA,NA,NA,NA,NA,NA
"10.1186/s12887-024-04823-x",NA,NA,NA,NA,NA,NA,NA,NA
"10.1186/s12913-024-10977-2",NA,NA,NA,NA,NA,NA,NA,NA
"10.1038/s41467-024-49198-w",NA,NA,NA,NA,NA,NA,NA,NA
"10.1186/s40798-024-00729-1",NA,NA,NA,NA,NA,NA,NA,NA
"10.1038/s41392-024-01818-z",NA,NA,NA,NA,NA,NA,NA,NA
"10.1038/s44319-024-00158-x",NA,NA,NA,NA,NA,NA,NA,NA
"10.1186/s13756-024-01402-8",NA,NA,NA,NA,NA,NA,NA,NA
"10.1038/s41467-024-48731-1",NA,NA,NA,NA,NA,NA,NA,NA
"10.1186/s12877-024-04887-5",NA,NA,NA,NA,NA,NA,NA,NA
"10.1186/s12889-024-18489-8",NA,NA,NA,NA,NA,NA,NA,NA
"10.1186/s13054-024-04979-z",NA,NA,NA,NA,NA,NA,NA,NA
"10.1038/s41598-024-59734-9",NA,NA,NA,NA,NA,NA,NA,NA
"10.1038/s41598-024-59533-2",NA,NA,NA,NA,NA,NA,NA,NA
"10.1038/s41467-024-48568-8",NA,NA,NA,NA,NA,NA,NA,NA
"10.1186/s12909-024-05094-x",NA,NA,NA,NA,NA,NA,NA,NA
"10.1038/s44321-024-00085-3",NA,NA,NA,NA,NA,NA,NA,NA
"10.1038/s41598-024-62552-8",NA,NA,NA,NA,NA,NA,NA,NA
"10.1007/s10856-024-06800-3",NA,NA,NA,NA,NA,NA,NA,NA
"10.1007/s00432-024-05835-x",NA,NA,NA,NA,NA,NA,NA,NA
"10.1038/s41598-024-62302-w",NA,NA,NA,NA,NA,NA,NA,NA
"10.1186/s12992-024-01047-7",NA,NA,NA,NA,NA,NA,NA,NA
"10.1186/s12888-024-05903-z",NA,NA,NA,NA,NA,NA,NA,NA
"10.1038/s41598-024-62720-w",NA,NA,NA,NA,NA,NA,NA,NA
"10.1186/s12348-024-00402-4",NA,NA,NA,NA,NA,NA,NA,NA
"10.1186/s13244-024-01702-y",NA,NA,NA,NA,NA,NA,NA,NA
"10.1186/s12879-024-09394-x",NA,NA,NA,NA,NA,NA,NA,NA
"10.1007/s00432-024-05827-x",NA,NA,NA,NA,NA,NA,NA,NA
"10.1038/s41392-024-01893-2",NA,NA,NA,NA,NA,NA,NA,NA
"10.1186/s13722-024-00475-5",NA,NA,NA,NA,NA,NA,NA,NA
"10.1186/s13063-024-08277-5",NA,NA,NA,NA,NA,NA,NA,NA
"10.1186/s12913-024-11076-y",NA,NA,NA,NA,NA,NA,NA,NA
"10.1038/s41598-024-66194-8",NA,NA,NA,NA,NA,NA,NA,NA
"10.1186/s13023-024-03254-2",NA,NA,NA,NA,NA,NA,NA,NA
"10.1186/s41747-024-00486-6",NA,NA,NA,NA,NA,NA,NA,NA
"10.1186/s13014-024-02483-w",NA,NA,NA,NA,NA,NA,NA,NA
"10.1038/s41598-024-66900-6",NA,NA,NA,NA,NA,NA,NA,NA
"10.1186/s40001-024-01961-x",NA,NA,NA,NA,NA,NA,NA,NA
"10.1038/s41598-024-66694-7",NA,NA,NA,NA,NA,NA,NA,NA
"10.1038/s41597-024-03615-3",NA,NA,NA,NA,NA,NA,NA,NA
"10.1038/s41598-024-67365-3",NA,NA,NA,NA,NA,NA,NA,NA
"10.1186/s12872-024-04044-1",NA,NA,NA,NA,NA,NA,NA,NA
"10.1007/s10238-024-01407-y",NA,NA,NA,NA,NA,NA,NA,NA
"10.1186/s13195-024-01529-1",NA,NA,NA,NA,NA,NA,NA,NA
"10.1186/s13244-024-01768-8",NA,NA,NA,NA,NA,NA,NA,NA
"10.1186/s12873-024-01056-0",NA,NA,NA,NA,NA,NA,NA,NA
"10.1186/s12886-024-03586-4",NA,NA,NA,NA,NA,NA,NA,NA
"10.1038/s41522-024-00538-0",NA,NA,NA,NA,NA,NA,NA,NA
"10.1186/s12955-024-02277-4",NA,NA,NA,NA,NA,NA,NA,NA
"10.1186/s13089-024-00388-z",NA,NA,NA,NA,NA,NA,NA,NA
"10.1186/s13049-024-01237-7",NA,NA,NA,NA,NA,NA,NA,NA
"10.1038/s41467-024-51029-x",NA,NA,NA,NA,NA,NA,NA,NA
"10.1038/s42003-024-06661-0",NA,NA,NA,NA,NA,NA,NA,NA
"10.1038/s41398-024-03047-y",NA,NA,NA,NA,NA,NA,NA,NA
"10.1186/s12967-024-05559-z",NA,NA,NA,NA,NA,NA,NA,NA
"10.1186/s13045-024-01590-1",NA,NA,NA,NA,NA,NA,NA,NA
"10.1038/s41467-024-51009-1",NA,NA,NA,NA,NA,NA,NA,NA
"10.1038/s41467-024-51611-3",NA,NA,NA,NA,NA,NA,NA,NA
"10.1186/s42466-024-00342-3",NA,NA,NA,NA,NA,NA,NA,NA
"10.1186/s12933-024-02413-w",NA,NA,NA,NA,NA,NA,NA,NA
"10.1038/s41598-024-70768-x",NA,NA,NA,NA,NA,NA,NA,NA
"10.1038/s41598-024-70241-9",NA,NA,NA,NA,NA,NA,NA,NA
"10.1186/s12891-024-07818-y",NA,NA,NA,NA,NA,NA,NA,NA
"10.1186/s12871-024-02687-3",NA,NA,NA,NA,NA,NA,NA,NA
"10.1038/s42003-024-06753-x",NA,NA,NA,NA,NA,NA,NA,NA
"10.1186/s12877-024-05317-2",NA,NA,NA,NA,NA,NA,NA,NA
"10.1186/s12883-024-03842-6",NA,NA,NA,NA,NA,NA,NA,NA
"10.1038/s41598-024-71716-5",NA,NA,NA,NA,NA,NA,NA,NA
"10.1186/s13756-024-01457-7",NA,NA,NA,NA,NA,NA,NA,NA
"10.1186/s13058-024-01883-w",NA,NA,NA,NA,NA,NA,NA,NA
"10.1186/s12875-024-02589-w",NA,NA,NA,NA,NA,NA,NA,NA
"10.1186/s13293-024-00647-7",NA,NA,NA,NA,NA,NA,NA,NA
"10.1186/s13756-024-01465-7",NA,NA,NA,NA,NA,NA,NA,NA
"10.1186/s13104-024-06931-4",NA,NA,NA,NA,NA,NA,NA,NA
"10.1038/s41408-024-01140-5",NA,NA,NA,NA,NA,NA,NA,NA
"10.1038/s41398-024-03079-4",NA,NA,NA,NA,NA,NA,NA,NA
"10.1186/s41043-024-00632-1",NA,NA,NA,NA,NA,NA,NA,NA
"10.1186/s12891-024-07870-8",NA,NA,NA,NA,NA,NA,NA,NA
"10.1007/s00432-024-05945-6",NA,NA,NA,NA,NA,NA,NA,NA
"10.1186/s12888-024-06085-4",NA,NA,NA,NA,NA,NA,NA,NA
"10.1186/s12874-024-02337-9",NA,NA,NA,NA,NA,NA,NA,NA
"10.1038/s41467-024-52595-w",NA,NA,NA,NA,NA,NA,NA,NA
"10.1186/s12909-024-06035-4",NA,NA,NA,NA,NA,NA,NA,NA
"10.1186/s12974-024-03218-0",NA,NA,NA,NA,NA,NA,NA,NA
"10.1186/s12944-024-02302-x",NA,NA,NA,NA,NA,NA,NA,NA
"10.1186/s13063-024-08491-1",NA,NA,NA,NA,NA,NA,NA,NA
"10.1038/s41523-024-00694-8",NA,NA,NA,NA,NA,NA,NA,NA
"10.1038/s41467-024-52814-4",NA,NA,NA,NA,NA,NA,NA,NA
"10.1186/s12912-024-02383-0",NA,NA,NA,NA,NA,NA,NA,NA
"10.1038/s41598-024-73950-3",NA,NA,NA,NA,NA,NA,NA,NA
"10.1186/s13756-024-01474-6",NA,NA,NA,NA,NA,NA,NA,NA
"10.1186/s12885-024-13008-9",NA,NA,NA,NA,NA,NA,NA,NA
"10.1038/s41598-024-73887-7",NA,NA,NA,NA,NA,NA,NA,NA
"10.1186/s12913-024-11651-3",NA,NA,NA,NA,NA,NA,NA,NA
"10.1186/s12877-024-05429-9",NA,NA,NA,NA,NA,NA,NA,NA
"10.1186/s12874-024-02363-7",NA,NA,NA,NA,NA,NA,NA,NA
"10.1186/s13244-024-01827-0",NA,NA,NA,NA,NA,NA,NA,NA
"10.1186/s12909-024-06191-7",NA,NA,NA,NA,NA,NA,NA,NA
"10.1186/s12871-024-02765-6",NA,NA,NA,NA,NA,NA,NA,NA
"10.1038/s41467-024-53685-5",NA,NA,NA,NA,NA,NA,NA,NA
"10.1186/s13643-024-02686-y",NA,NA,NA,NA,NA,NA,NA,NA
"10.1186/s13148-024-01768-x",NA,NA,NA,NA,NA,NA,NA,NA
"10.1038/s41525-024-00432-w",NA,NA,NA,NA,NA,NA,NA,NA
"10.1186/s41747-024-00528-z",NA,NA,NA,NA,NA,NA,NA,NA
"10.1038/s41467-024-53595-6",NA,NA,NA,NA,NA,NA,NA,NA
"10.1007/s10433-024-00829-7",NA,NA,NA,NA,NA,NA,NA,NA
"10.1186/s10020-024-00980-y",NA,NA,NA,NA,NA,NA,NA,NA
"10.1038/s41467-024-53901-2",NA,NA,NA,NA,NA,NA,NA,NA
"10.1186/s40814-024-01553-w",NA,NA,NA,NA,NA,NA,NA,NA
"10.1186/s12911-024-02748-0",NA,NA,NA,NA,NA,NA,NA,NA
"10.1186/s13756-024-01493-3",NA,NA,NA,NA,NA,NA,NA,NA
"10.1186/s12877-024-05553-6",NA,NA,NA,NA,NA,NA,NA,NA
"10.1038/s41598-024-79991-y",NA,NA,NA,NA,NA,NA,NA,NA
"10.1007/s10055-024-01073-1",NA,NA,NA,NA,NA,NA,NA,NA
"10.1186/s12348-024-00443-9",NA,NA,NA,NA,NA,NA,NA,NA
"10.1186/s13098-024-01533-3",NA,NA,NA,NA,NA,NA,NA,NA
"10.1186/s40364-024-00689-4",NA,NA,NA,NA,NA,NA,NA,NA
"10.1038/s41392-024-02062-1",NA,NA,NA,NA,NA,NA,NA,NA
"10.1186/s13063-024-08647-z",NA,NA,NA,NA,NA,NA,NA,NA
"10.1186/s12909-024-06387-x",NA,NA,NA,NA,NA,NA,NA,NA
"10.1038/s41467-024-54780-3",NA,NA,NA,NA,NA,NA,NA,NA
"10.1038/s41467-024-54543-0",NA,NA,NA,NA,NA,NA,NA,NA
"10.1038/s43856-024-00681-x",NA,NA,NA,NA,NA,NA,NA,NA
"10.1186/s12916-024-03799-w",NA,NA,NA,NA,NA,NA,NA,NA
"10.1038/s41598-024-81071-0",NA,NA,NA,NA,NA,NA,NA,NA
"10.1186/s12888-024-06366-y",NA,NA,NA,NA,NA,NA,NA,NA
"10.1038/s41598-024-80274-9",NA,NA,NA,NA,NA,NA,NA,NA
"10.1038/s41598-024-83060-9",NA,NA,NA,NA,NA,NA,NA,NA
"10.1186/s40729-024-00585-4",NA,NA,NA,NA,NA,NA,NA,NA
"10.1186/s40635-024-00709-5",NA,NA,NA,NA,NA,NA,NA,NA
"10.1186/s13756-024-01505-2",NA,NA,NA,NA,NA,NA,NA,NA
"10.1038/s41598-024-83846-x",NA,NA,NA,NA,NA,NA,NA,NA
"10.1186/s12940-024-01149-0",NA,NA,NA,NA,NA,NA,NA,NA
"10.1038/s41598-024-83976-2",NA,NA,NA,NA,NA,NA,NA,NA
"10.1186/s12875-024-02693-x",NA,NA,NA,NA,NA,NA,NA,NA
"10.1007/s00330-023-10495-5",NA,NA,NA,NA,NA,NA,NA,NA
"10.1007/s00391-023-02268-y",NA,NA,NA,NA,NA,NA,NA,NA
"10.1007/s44266-023-00162-9",NA,NA,NA,NA,NA,NA,NA,NA
"10.1007/s00103-023-03823-z",NA,NA,NA,NA,NA,NA,NA,NA
"10.1007/s00115-023-01587-0",NA,NA,NA,NA,NA,NA,NA,NA
"10.1038/s41409-023-02174-2",NA,NA,NA,NA,NA,NA,NA,NA
"10.1007/s00401-023-02658-x",NA,NA,NA,NA,NA,NA,NA,NA
"10.1007/s11818-023-00441-4",NA,NA,NA,NA,NA,NA,NA,NA
"10.1007/s10879-023-09615-5",NA,NA,NA,NA,NA,NA,NA,NA
"10.1038/s41366-023-01449-4",NA,NA,NA,NA,NA,NA,NA,NA
"10.1007/s10826-023-02748-0",NA,NA,NA,NA,NA,NA,NA,NA
"10.1007/s00401-023-02669-8",NA,NA,NA,NA,NA,NA,NA,NA
"10.1007/s00256-024-04583-w",NA,NA,NA,NA,NA,NA,NA,NA
"10.1007/s00586-023-08109-1",NA,NA,NA,NA,NA,NA,NA,NA
"10.1007/s00393-024-01476-0",NA,NA,NA,NA,NA,NA,NA,NA
"10.1007/s00401-023-02673-y",NA,NA,NA,NA,NA,NA,NA,NA
"10.1007/s11060-024-04570-0",NA,NA,NA,NA,NA,NA,NA,NA
"10.1007/s10554-023-03034-2",NA,NA,NA,NA,NA,NA,NA,NA
"10.1007/s00701-024-05955-w",NA,NA,NA,NA,NA,NA,NA,NA
"10.1007/s12016-024-08981-9",NA,NA,NA,NA,NA,NA,NA,NA
"10.1007/s13402-024-00922-0",NA,NA,NA,NA,NA,NA,NA,NA
"10.1038/s41416-023-02550-1",NA,NA,NA,NA,NA,NA,NA,NA
"10.1007/s11060-024-04590-w",NA,NA,NA,NA,NA,NA,NA,NA
"10.1007/s00423-024-03244-9",NA,NA,NA,NA,NA,NA,NA,NA
"10.1007/s00278-024-00710-z",NA,NA,NA,NA,NA,NA,NA,NA
"10.1007/s00417-024-06392-2",NA,NA,NA,NA,NA,NA,NA,NA
"10.1038/s41684-024-01335-0",NA,NA,NA,NA,NA,NA,NA,NA
"10.1007/s00276-024-03302-3",NA,NA,NA,NA,NA,NA,NA,NA
"10.1007/s15010-024-02181-5",NA,NA,NA,NA,NA,NA,NA,NA
"10.1007/s00330-023-10554-x",NA,NA,NA,NA,NA,NA,NA,NA
"10.1007/s00415-024-12206-6",NA,NA,NA,NA,NA,NA,NA,NA
"10.1007/s11864-024-01188-2",NA,NA,NA,NA,NA,NA,NA,NA
"10.1007/s11136-024-03606-2",NA,NA,NA,NA,NA,NA,NA,NA
"10.1007/s12975-024-01237-w",NA,NA,NA,NA,NA,NA,NA,NA
"10.1007/s12088-024-01218-5",NA,NA,NA,NA,NA,NA,NA,NA
"10.1007/s00392-024-02400-x",NA,NA,NA,NA,NA,NA,NA,NA
"10.1007/s00256-024-04626-2",NA,NA,NA,NA,NA,NA,NA,NA
"10.1007/s10309-024-00663-y",NA,NA,NA,NA,NA,NA,NA,NA
"10.1007/s00330-024-10700-z",NA,NA,NA,NA,NA,NA,NA,NA
"10.1007/s15010-024-02197-x",NA,NA,NA,NA,NA,NA,NA,NA
"10.1007/s00345-024-04884-8",NA,NA,NA,NA,NA,NA,NA,NA
"10.1007/s40471-024-00347-1",NA,NA,NA,NA,NA,NA,NA,NA
"10.1007/s00330-024-10624-8",NA,NA,NA,NA,NA,NA,NA,NA
"10.1038/s41375-024-02209-7",NA,NA,NA,NA,NA,NA,NA,NA
"10.1007/s00392-024-02430-5",NA,NA,NA,NA,NA,NA,NA,NA
"10.1007/s11481-024-10110-4",NA,NA,NA,NA,NA,NA,NA,NA
"10.1007/s00115-024-01632-6",NA,NA,NA,NA,NA,NA,NA,NA
"10.1007/s00330-024-10701-y",NA,NA,NA,NA,NA,NA,NA,NA
"10.1007/s00395-024-01039-z",NA,NA,NA,NA,NA,NA,NA,NA
"10.1007/s00404-024-07436-y",NA,NA,NA,NA,NA,NA,NA,NA
"10.1007/s00345-024-04883-9",NA,NA,NA,NA,NA,NA,NA,NA
"10.1007/s10006-024-01238-x",NA,NA,NA,NA,NA,NA,NA,NA
"10.1007/s00439-024-02669-y",NA,NA,NA,NA,NA,NA,NA,NA
"10.1007/s00404-023-07368-z",NA,NA,NA,NA,NA,NA,NA,NA
"10.1007/s00068-024-02498-8",NA,NA,NA,NA,NA,NA,NA,NA
"10.1038/s41375-024-02225-7",NA,NA,NA,NA,NA,NA,NA,NA
"10.1007/s11818-024-00458-3",NA,NA,NA,NA,NA,NA,NA,NA
"10.1007/s00104-024-02071-4",NA,NA,NA,NA,NA,NA,NA,NA
"10.1007/s11553-024-01110-6",NA,NA,NA,NA,NA,NA,NA,NA
"10.1007/s11033-024-09467-9",NA,NA,NA,NA,NA,NA,NA,NA
"10.1007/s10439-024-03502-3",NA,NA,NA,NA,NA,NA,NA,NA
"10.1007/s12975-024-01242-z",NA,NA,NA,NA,NA,NA,NA,NA
"10.1007/s00115-024-01659-9",NA,NA,NA,NA,NA,NA,NA,NA
"10.1007/s10676-024-09765-7",NA,NA,NA,NA,NA,NA,NA,NA
"10.1007/s12028-024-01981-9",NA,NA,NA,NA,NA,NA,NA,NA
"10.1007/s00101-024-01403-7",NA,NA,NA,NA,NA,NA,NA,NA
"10.1007/s11739-024-03594-8",NA,NA,NA,NA,NA,NA,NA,NA
"10.1007/s00404-024-07508-z",NA,NA,NA,NA,NA,NA,NA,NA
"10.1038/s41375-024-02253-3",NA,NA,NA,NA,NA,NA,NA,NA
"10.1038/s41380-024-02557-x",NA,NA,NA,NA,NA,NA,NA,NA
"10.1038/s41380-024-02556-y",NA,NA,NA,NA,NA,NA,NA,NA
"10.1007/s00423-024-03329-5",NA,NA,NA,NA,NA,NA,NA,NA
"10.1007/s11282-024-00748-4",NA,NA,NA,NA,NA,NA,NA,NA
"10.1007/s00467-024-06389-3",NA,NA,NA,NA,NA,NA,NA,NA
"10.1007/s00415-024-12402-4",NA,NA,NA,NA,NA,NA,NA,NA
"10.1007/s40264-024-01433-5",NA,NA,NA,NA,NA,NA,NA,NA
"10.1007/s00063-024-01149-5",NA,NA,NA,NA,NA,NA,NA,NA
"10.1007/s11060-024-04702-6",NA,NA,NA,NA,NA,NA,NA,NA
"10.1007/s12031-024-02224-4",NA,NA,NA,NA,NA,NA,NA,NA
"10.1007/s00439-024-02674-1",NA,NA,NA,NA,NA,NA,NA,NA
"10.1007/s00277-024-05789-7",NA,NA,NA,NA,NA,NA,NA,NA
"10.1007/s12265-024-10519-5",NA,NA,NA,NA,NA,NA,NA,NA
"10.1007/s10554-024-03132-9",NA,NA,NA,NA,NA,NA,NA,NA
"10.1007/s00467-024-06397-3",NA,NA,NA,NA,NA,NA,NA,NA
"10.1007/s15010-024-02292-z",NA,NA,NA,NA,NA,NA,NA,NA
"10.1007/s12024-024-00829-0",NA,NA,NA,NA,NA,NA,NA,NA
"10.1007/s12529-024-10293-3",NA,NA,NA,NA,NA,NA,NA,NA
"10.1007/s00784-024-05717-z",NA,NA,NA,NA,NA,NA,NA,NA
"10.1007/s00392-024-02456-9",NA,NA,NA,NA,NA,NA,NA,NA
"10.1007/s00520-024-08547-7",NA,NA,NA,NA,NA,NA,NA,NA
"10.1007/s00403-024-03059-0",NA,NA,NA,NA,NA,NA,NA,NA
"10.1007/s44266-024-00233-5",NA,NA,NA,NA,NA,NA,NA,NA
"10.1007/s00520-024-08586-0",NA,NA,NA,NA,NA,NA,NA,NA
"10.1007/s00264-024-06230-4",NA,NA,NA,NA,NA,NA,NA,NA
"10.1007/s00415-024-12471-5",NA,NA,NA,NA,NA,NA,NA,NA
"10.1007/s00404-024-07511-4",NA,NA,NA,NA,NA,NA,NA,NA
"10.1007/s00784-024-05753-9",NA,NA,NA,NA,NA,NA,NA,NA
"10.1007/s00784-024-05762-8",NA,NA,NA,NA,NA,NA,NA,NA
"10.1007/s00417-024-06538-2",NA,NA,NA,NA,NA,NA,NA,NA
"10.1007/s10209-024-01124-z",NA,NA,NA,NA,NA,NA,NA,NA
"10.1007/s00784-024-05767-3",NA,NA,NA,NA,NA,NA,NA,NA
"10.1007/s00402-024-05403-5",NA,NA,NA,NA,NA,NA,NA,NA
"10.1007/s00381-024-06498-2",NA,NA,NA,NA,NA,NA,NA,NA
"10.1007/s11910-024-01351-0",NA,NA,NA,NA,NA,NA,NA,NA
"10.1007/s00464-024-10994-6",NA,NA,NA,NA,NA,NA,NA,NA
"10.1038/s41375-024-02318-3",NA,NA,NA,NA,NA,NA,NA,NA
"10.1007/s00103-024-03917-2",NA,NA,NA,NA,NA,NA,NA,NA
"10.1007/s10792-024-03163-0",NA,NA,NA,NA,NA,NA,NA,NA
"10.1007/s00404-024-07588-x",NA,NA,NA,NA,NA,NA,NA,NA
"10.1007/s11882-024-01160-y",NA,NA,NA,NA,NA,NA,NA,NA
"10.1007/s00278-024-00728-3",NA,NA,NA,NA,NA,NA,NA,NA
"10.1007/s00393-024-01542-7",NA,NA,NA,NA,NA,NA,NA,NA
"10.1007/s00415-024-12545-4",NA,NA,NA,NA,NA,NA,NA,NA
"10.1038/s41375-024-02333-4",NA,NA,NA,NA,NA,NA,NA,NA
"10.1007/s00406-024-01862-4",NA,NA,NA,NA,NA,NA,NA,NA
"10.1007/s00424-024-02987-0",NA,NA,NA,NA,NA,NA,NA,NA
"10.1007/s10935-024-00792-0",NA,NA,NA,NA,NA,NA,NA,NA
"10.1007/s00115-024-01706-5",NA,NA,NA,NA,NA,NA,NA,NA
"10.1007/s10072-024-07691-6",NA,NA,NA,NA,NA,NA,NA,NA
"10.1007/s12265-024-10546-2",NA,NA,NA,NA,NA,NA,NA,NA
"10.1007/s00115-024-01709-2",NA,NA,NA,NA,NA,NA,NA,NA
"10.1007/s00115-024-01708-3",NA,NA,NA,NA,NA,NA,NA,NA
"10.1007/s00404-024-07639-3",NA,NA,NA,NA,NA,NA,NA,NA
"10.1007/s10554-024-03201-z",NA,NA,NA,NA,NA,NA,NA,NA
"10.1007/s00404-024-07652-6",NA,NA,NA,NA,NA,NA,NA,NA
"10.1007/s11136-024-03745-6",NA,NA,NA,NA,NA,NA,NA,NA
"10.1007/s11757-024-00841-8",NA,NA,NA,NA,NA,NA,NA,NA
"10.1007/s00392-024-02503-5",NA,NA,NA,NA,NA,NA,NA,NA
"10.3758/s13415-024-01206-8",NA,NA,NA,NA,NA,NA,NA,NA
"10.1007/s00392-024-02505-3",NA,NA,NA,NA,NA,NA,NA,NA
"10.1007/s00142-024-00701-x",NA,NA,NA,NA,NA,NA,NA,NA
"10.1007/s00391-024-02344-x",NA,NA,NA,NA,NA,NA,NA,NA
"10.1007/s12024-024-00875-8",NA,NA,NA,NA,NA,NA,NA,NA
"10.1007/s10389-024-02336-6",NA,NA,NA,NA,NA,NA,NA,NA
"10.1007/s00402-024-05506-z",NA,NA,NA,NA,NA,NA,NA,NA
"10.1007/s11757-024-00846-3",NA,NA,NA,NA,NA,NA,NA,NA
"10.1007/s00120-024-02439-8",NA,NA,NA,NA,NA,NA,NA,NA
"10.1007/s11060-024-04811-2",NA,NA,NA,NA,NA,NA,NA,NA
"10.1038/s41380-024-02697-0",NA,NA,NA,NA,NA,NA,NA,NA
"10.1007/s00115-024-01736-z",NA,NA,NA,NA,NA,NA,NA,NA
"10.1007/s11136-024-03780-3",NA,NA,NA,NA,NA,NA,NA,NA
"10.1007/s11920-024-01516-1",NA,NA,NA,NA,NA,NA,NA,NA
"10.1007/s00395-024-01079-5",NA,NA,NA,NA,NA,NA,NA,NA
"10.1007/s00424-024-03013-z",NA,NA,NA,NA,NA,NA,NA,NA
"10.1007/s11757-024-00852-5",NA,NA,NA,NA,NA,NA,NA,NA
"10.1007/s10741-024-10439-1",NA,NA,NA,NA,NA,NA,NA,NA
"10.1007/s15010-024-02392-w",NA,NA,NA,NA,NA,NA,NA,NA
"10.1038/s41380-024-02744-w",NA,NA,NA,NA,NA,NA,NA,NA
"10.1007/s00066-024-02304-9",NA,NA,NA,NA,NA,NA,NA,NA
"10.1007/s10309-024-00709-1",NA,NA,NA,NA,NA,NA,NA,NA
"10.1007/s40521-024-00375-8",NA,NA,NA,NA,NA,NA,NA,NA
"10.1007/s10389-024-02348-2",NA,NA,NA,NA,NA,NA,NA,NA
"10.1007/s10554-024-03242-4",NA,NA,NA,NA,NA,NA,NA,NA
"10.1007/s12268-024-2296-5",NA,NA,NA,NA,NA,NA,NA,NA
"10.1007/s00062-024-01461-9",NA,NA,NA,NA,NA,NA,NA,NA
"10.1007/s00404-024-07739-0",NA,NA,NA,NA,NA,NA,NA,NA
"10.1007/s00784-024-05968-w",NA,NA,NA,NA,NA,NA,NA,NA
"10.1007/s13346-024-01718-3",NA,NA,NA,NA,NA,NA,NA,NA
"10.1007/s00270-024-03863-1",NA,NA,NA,NA,NA,NA,NA,NA
"10.1007/s40211-024-00511-5",NA,NA,NA,NA,NA,NA,NA,NA
"10.1007/s00270-024-03869-9",NA,NA,NA,NA,NA,NA,NA,NA
"10.1007/s00048-024-00405-1",NA,NA,NA,NA,NA,NA,NA,NA
"10.1007/s00103-024-03963-w",NA,NA,NA,NA,NA,NA,NA,NA
"10.1007/s00330-024-11102-x",NA,NA,NA,NA,NA,NA,NA,NA
"10.1007/s00701-024-06308-3",NA,NA,NA,NA,NA,NA,NA,NA
"10.1007/s15010-024-02412-9",NA,NA,NA,NA,NA,NA,NA,NA
"10.1007/s00423-024-03511-9",NA,NA,NA,NA,NA,NA,NA,NA
"10.1007/s10143-024-03057-w",NA,NA,NA,NA,NA,NA,NA,NA
"10.1007/s00048-024-00407-z",NA,NA,NA,NA,NA,NA,NA,NA
"10.1007/s40257-024-00902-y",NA,NA,NA,NA,NA,NA,NA,NA
"10.1007/s00392-024-02571-7",NA,NA,NA,NA,NA,NA,NA,NA
"10.1038/s41388-024-03200-3",NA,NA,NA,NA,NA,NA,NA,NA
"10.1007/s00117-024-01382-1",NA,NA,NA,NA,NA,NA,NA,NA
"10.1038/s41684-024-01474-4",NA,NA,NA,NA,NA,NA,NA,NA
"10.1007/s00115-024-01769-4",NA,NA,NA,NA,NA,NA,NA,NA
"10.1007/s00103-024-03981-8",NA,NA,NA,NA,NA,NA,NA,NA
"10.1007/s00406-024-01930-9",NA,NA,NA,NA,NA,NA,NA,NA
"10.1007/s00404-024-07834-2",NA,NA,NA,NA,NA,NA,NA,NA
"10.1007/s00406-024-01941-6",NA,NA,NA,NA,NA,NA,NA,NA
"10.1007/s11060-024-04885-y",NA,NA,NA,NA,NA,NA,NA,NA
"10.1038/s41440-024-02056-0",NA,NA,NA,NA,NA,NA,NA,NA
"10.1007/s00330-024-11236-y",NA,NA,NA,NA,NA,NA,NA,NA
"10.1007/s00586-024-08586-y",NA,NA,NA,NA,NA,NA,NA,NA
"10.1038/s41375-024-02474-6",NA,NA,NA,NA,NA,NA,NA,NA
"10.1007/s11136-024-03866-y",NA,NA,NA,NA,NA,NA,NA,NA
"10.1007/s11255-024-04319-8",NA,NA,NA,NA,NA,NA,NA,NA
"10.1007/s10943-024-02210-5",NA,NA,NA,NA,NA,NA,NA,NA
"10.1038/s41390-024-03705-3",NA,NA,NA,NA,NA,NA,NA,NA
"10.1007/s00362-024-01635-0",NA,NA,NA,NA,NA,NA,NA,NA
"10.1007/s00330-024-11272-8",NA,NA,NA,NA,NA,NA,NA,NA
"10.1007/s00381-024-06704-1",NA,NA,NA,NA,NA,NA,NA,NA
"10.1007/s11255-024-04329-6",NA,NA,NA,NA,NA,NA,NA,NA
"10.1007/s00066-023-02194-3",NA,NA,NA,NA,NA,NA,NA,NA
"10.1007/s00417-023-06358-w",NA,NA,NA,NA,NA,NA,NA,NA
"10.1007/s00330-023-10485-7",NA,NA,NA,NA,NA,NA,NA,NA
"10.1007/s00330-024-10588-9",NA,NA,NA,NA,NA,NA,NA,NA
"10.1007/s11757-024-00828-5",NA,NA,NA,NA,NA,NA,NA,NA
"10.1007/s00330-024-10741-4",NA,NA,NA,NA,NA,NA,NA,NA
"10.1038/s41440-024-01688-6",NA,NA,NA,NA,NA,NA,NA,NA
"10.1007/s10875-024-01721-w",NA,NA,NA,NA,NA,NA,NA,NA
"10.1007/s11757-024-00835-6",NA,NA,NA,NA,NA,NA,NA,NA
"10.1007/s00330-024-10867-5",NA,NA,NA,NA,NA,NA,NA,NA
"10.1007/s00134-024-07532-2",NA,NA,NA,NA,NA,NA,NA,NA
"10.1007/s00330-024-10909-y",NA,NA,NA,NA,NA,NA,NA,NA
"10.1038/s41409-024-02342-y",NA,NA,NA,NA,NA,NA,NA,NA
"10.1007/s00066-024-02259-x",NA,NA,NA,NA,NA,NA,NA,NA
"10.1007/s40596-024-02018-1",NA,NA,NA,NA,NA,NA,NA,NA
"10.1007/s00270-024-03826-6",NA,NA,NA,NA,NA,NA,NA,NA
"10.1007/s00415-024-12659-9",NA,NA,NA,NA,NA,NA,NA,NA
"10.1007/s11757-024-00847-2",NA,NA,NA,NA,NA,NA,NA,NA
"10.1038/s41409-024-02461-6",NA,NA,NA,NA,NA,NA,NA,NA
"10.1007/s00404-024-07868-6",NA,NA,NA,NA,NA,NA,NA,NA
"10.1007/s10072-024-07926-6",NA,NA,NA,NA,NA,NA,NA,NA
"10.1007/s00424-024-03056-2",NA,NA,NA,NA,NA,NA,NA,NA
"10.1007/s11757-024-00862-3",NA,NA,NA,NA,NA,NA,NA,NA
"10.1016/j.brs.2024.01.007",NA,NA,NA,NA,NA,NA,NA,NA
"10.1016/j.jnha.2024.100206",NA,NA,NA,NA,NA,NA,NA,NA
"10.1016/j.eclinm.2024.102456",NA,NA,NA,NA,NA,NA,NA,NA
"10.1016/j.xpro.2024.103038",NA,NA,NA,NA,NA,NA,NA,NA
"10.1016/j.ekir.2024.05.024",NA,NA,NA,NA,NA,NA,NA,NA
"10.1016/j.celrep.2024.114328",NA,NA,NA,NA,NA,NA,NA,NA
"10.1016/j.zemedi.2024.03.001",NA,NA,NA,NA,NA,NA,NA,NA
"10.1016/j.ekir.2024.06.009",NA,NA,NA,NA,NA,NA,NA,NA
"10.1016/j.ekir.2024.07.007",NA,NA,NA,NA,NA,NA,NA,NA
"10.1016/j.brs.2024.07.007",NA,NA,NA,NA,NA,NA,NA,NA
"10.1016/j.jocmr.2024.101081",NA,NA,NA,NA,NA,NA,NA,NA
"10.1016/j.celrep.2024.114711",NA,NA,NA,NA,NA,NA,NA,NA
"10.1016/j.patter.2024.101048",NA,NA,NA,NA,NA,NA,NA,NA
"10.1016/j.ebiom.2024.105312",NA,NA,NA,NA,NA,NA,NA,NA
"10.1016/j.prdoa.2024.100273",NA,NA,NA,NA,NA,NA,NA,NA
"10.1016/j.bas.2024.102753",NA,NA,NA,NA,NA,NA,NA,NA
"10.1016/j.mtbio.2024.100991",NA,NA,NA,NA,NA,NA,NA,NA
"10.1016/j.xagr.2024.100326",NA,NA,NA,NA,NA,NA,NA,NA
"10.1016/j.scr.2024.103377",NA,NA,NA,NA,NA,NA,NA,NA
"10.1016/j.ijid.2024.106997",NA,NA,NA,NA,NA,NA,NA,NA
"10.1016/j.ebiom.2024.105055",NA,NA,NA,NA,NA,NA,NA,NA
"10.1016/j.heliyon.2024.e27331",NA,NA,NA,NA,NA,NA,NA,NA
"10.1016/j.isci.2024.109776",NA,NA,NA,NA,NA,NA,NA,NA
"10.1016/j.ctro.2024.100780",NA,NA,NA,NA,NA,NA,NA,NA
"10.1016/j.bas.2024.102827",NA,NA,NA,NA,NA,NA,NA,NA
"10.1016/j.mucimm.2024.05.002",NA,NA,NA,NA,NA,NA,NA,NA
"10.1016/j.jseint.2024.05.002",NA,NA,NA,NA,NA,NA,NA,NA
"10.1016/j.jpi.2024.100387",NA,NA,NA,NA,NA,NA,NA,NA
"10.1016/j.waojou.2024.100924",NA,NA,NA,NA,NA,NA,NA,NA
"10.1016/j.jseint.2024.06.012",NA,NA,NA,NA,NA,NA,NA,NA
"10.1016/j.pecinn.2024.100321",NA,NA,NA,NA,NA,NA,NA,NA
"10.1016/j.esmoop.2024.103628",NA,NA,NA,NA,NA,NA,NA,NA
"10.1016/j.jisako.2024.07.004",NA,NA,NA,NA,NA,NA,NA,NA
"10.1016/j.euros.2024.07.111",NA,NA,NA,NA,NA,NA,NA,NA
"10.1016/j.scr.2024.103516",NA,NA,NA,NA,NA,NA,NA,NA
"10.1016/j.xjon.2024.06.021",NA,NA,NA,NA,NA,NA,NA,NA
"10.1016/j.neuroimage.2024.120770",NA,NA,NA,NA,NA,NA,NA,NA
"10.1016/j.jiph.2024.102518",NA,NA,NA,NA,NA,NA,NA,NA
"10.1016/j.heliyon.2024.e36581",NA,NA,NA,NA,NA,NA,NA,NA
"10.1016/j.esmoop.2024.103669",NA,NA,NA,NA,NA,NA,NA,NA
"10.1016/j.esmoop.2024.103677",NA,NA,NA,NA,NA,NA,NA,NA
"10.1016/j.xjon.2024.08.016",NA,NA,NA,NA,NA,NA,NA,NA
"10.1016/j.gimo.2024.101892",NA,NA,NA,NA,NA,NA,NA,NA
"10.1016/j.scr.2024.103547",NA,NA,NA,NA,NA,NA,NA,NA
"10.1016/j.ejcb.2024.151455",NA,NA,NA,NA,NA,NA,NA,NA
"10.1016/j.ijchp.2024.100503",NA,NA,NA,NA,NA,NA,NA,NA
"10.1016/j.infpip.2024.100398",NA,NA,NA,NA,NA,NA,NA,NA
"10.1016/j.jseint.2024.09.011",NA,NA,NA,NA,NA,NA,NA,NA
"10.1016/j.xhgg.2024.100371",NA,NA,NA,NA,NA,NA,NA,NA
"10.1016/j.xhgg.2024.100363",NA,NA,NA,NA,NA,NA,NA,NA
"10.1016/j.resplu.2024.100800",NA,NA,NA,NA,NA,NA,NA,NA
"10.1016/j.lanmic.2024.06.001",NA,NA,NA,NA,NA,NA,NA,NA
"10.1016/j.eucr.2024.102879",NA,NA,NA,NA,NA,NA,NA,NA
"10.1016/j.jhepr.2024.101267",NA,NA,NA,NA,NA,NA,NA,NA
"10.1016/j.xnsj.2024.100573",NA,NA,NA,NA,NA,NA,NA,NA
"10.1016/j.neuroimage.2024.120936",NA,NA,NA,NA,NA,NA,NA,NA
"10.1016/j.jseint.2024.10.014",NA,NA,NA,NA,NA,NA,NA,NA
"10.1016/j.waojou.2024.100999",NA,NA,NA,NA,NA,NA,NA,NA
"10.1016/j.ejro.2024.100622",NA,NA,NA,NA,NA,NA,NA,NA
"10.1016/j.lanmic.2024.101013",NA,NA,NA,NA,NA,NA,NA,NA
"10.1016/j.lanepe.2024.101161",NA,NA,NA,NA,NA,NA,NA,NA
"10.1016/j.eclinm.2024.103004",NA,NA,NA,NA,NA,NA,NA,NA
"10.1016/j.aanat.2024.152211",NA,NA,NA,NA,NA,NA,NA,NA
"10.1016/j.trre.2024.100831",NA,NA,NA,NA,NA,NA,NA,NA
"10.1016/j.wneu.2024.01.092",NA,NA,NA,NA,NA,NA,NA,NA
"10.1016/j.jbiomech.2024.111954",NA,NA,NA,NA,NA,NA,NA,NA
"10.1016/j.jbiomech.2024.111963",NA,NA,NA,NA,NA,NA,NA,NA
"10.1053/j.jvca.2024.01.024",NA,NA,NA,NA,NA,NA,NA,NA
"10.1016/j.jpsychires.2024.01.014",NA,NA,NA,NA,NA,NA,NA,NA
"10.1016/j.bbi.2024.01.220",NA,NA,NA,NA,NA,NA,NA,NA
"10.1016/j.ajp.2024.103949",NA,NA,NA,NA,NA,NA,NA,NA
"10.1016/j.cmi.2024.01.020",NA,NA,NA,NA,NA,NA,NA,NA
"10.1016/j.jcms.2024.02.003",NA,NA,NA,NA,NA,NA,NA,NA
"10.1016/j.jpsychires.2024.02.006",NA,NA,NA,NA,NA,NA,NA,NA
"10.1016/j.wneu.2024.01.171",NA,NA,NA,NA,NA,NA,NA,NA
"10.1016/j.arth.2024.01.061",NA,NA,NA,NA,NA,NA,NA,NA
"10.1016/j.jmbbm.2024.106458",NA,NA,NA,NA,NA,NA,NA,NA
"10.1016/j.ejpb.2024.114211",NA,NA,NA,NA,NA,NA,NA,NA
"10.1016/j.wneu.2024.02.018",NA,NA,NA,NA,NA,NA,NA,NA
"10.1016/j.jtv.2024.02.005",NA,NA,NA,NA,NA,NA,NA,NA
"10.1016/j.ejso.2024.108010",NA,NA,NA,NA,NA,NA,NA,NA
"10.1016/j.bcp.2024.116062",NA,NA,NA,NA,NA,NA,NA,NA
"10.1016/j.chest.2024.02.035",NA,NA,NA,NA,NA,NA,NA,NA
"10.1016/j.jcrc.2024.154545",NA,NA,NA,NA,NA,NA,NA,NA
"10.1016/j.resuscitation.2024.110149",NA,NA,NA,NA,NA,NA,NA,NA
"10.1016/j.aanat.2024.152237",NA,NA,NA,NA,NA,NA,NA,NA
"10.1016/j.jclinepi.2024.111306",NA,NA,NA,NA,NA,NA,NA,NA
"10.1053/j.gastro.2024.02.005",NA,NA,NA,NA,NA,NA,NA,NA
"10.1016/j.eururo.2024.01.023",NA,NA,NA,NA,NA,NA,NA,NA
"10.1016/j.parkreldis.2024.106063",NA,NA,NA,NA,NA,NA,NA,NA
"10.1016/j.jaip.2024.03.010",NA,NA,NA,NA,NA,NA,NA,NA
"10.1016/j.bbrc.2024.149763",NA,NA,NA,NA,NA,NA,NA,NA
"10.1016/j.jpsychores.2024.111613",NA,NA,NA,NA,NA,NA,NA,NA
"10.1016/j.psyneuen.2024.107026",NA,NA,NA,NA,NA,NA,NA,NA
"10.1016/j.jaci.2024.01.030",NA,NA,NA,NA,NA,NA,NA,NA
"10.1016/j.jaip.2024.03.024",NA,NA,NA,NA,NA,NA,NA,NA
"10.1016/j.jcf.2024.03.003",NA,NA,NA,NA,NA,NA,NA,NA
"10.1016/j.actbio.2024.03.017",NA,NA,NA,NA,NA,NA,NA,NA
"10.1016/j.bbi.2024.03.035",NA,NA,NA,NA,NA,NA,NA,NA
"10.1016/j.ejca.2024.114030",NA,NA,NA,NA,NA,NA,NA,NA
"10.1016/j.jdent.2024.104960",NA,NA,NA,NA,NA,NA,NA,NA
"10.1016/j.psyneuen.2024.107031",NA,NA,NA,NA,NA,NA,NA,NA
"10.1016/j.thromres.2024.03.024",NA,NA,NA,NA,NA,NA,NA,NA
"10.1016/j.jaip.2024.03.036",NA,NA,NA,NA,NA,NA,NA,NA
"10.1016/j.cellsig.2024.111156",NA,NA,NA,NA,NA,NA,NA,NA
"10.1016/j.cortex.2024.04.002",NA,NA,NA,NA,NA,NA,NA,NA
"10.1016/j.jaip.2024.04.027",NA,NA,NA,NA,NA,NA,NA,NA
"10.1016/j.jaci.2024.04.016",NA,NA,NA,NA,NA,NA,NA,NA
"10.1016/j.bioadv.2024.213884",NA,NA,NA,NA,NA,NA,NA,NA
"10.1016/j.colsurfb.2024.113940",NA,NA,NA,NA,NA,NA,NA,NA
"10.1016/j.actbio.2024.05.007",NA,NA,NA,NA,NA,NA,NA,NA
"10.1016/j.dental.2024.04.006",NA,NA,NA,NA,NA,NA,NA,NA
"10.1016/j.freeradbiomed.2024.05.001",NA,NA,NA,NA,NA,NA,NA,NA
"10.1016/j.arth.2024.05.010",NA,NA,NA,NA,NA,NA,NA,NA
"10.1016/j.ijmedinf.2024.105486",NA,NA,NA,NA,NA,NA,NA,NA
"10.1016/j.jdent.2024.105000",NA,NA,NA,NA,NA,NA,NA,NA
"10.1016/j.seizure.2024.05.007",NA,NA,NA,NA,NA,NA,NA,NA
"10.1016/j.biomaterials.2024.122614",NA,NA,NA,NA,NA,NA,NA,NA
"10.1016/j.mayocp.2024.02.006",NA,NA,NA,NA,NA,NA,NA,NA
"10.1016/j.ejso.2024.108429",NA,NA,NA,NA,NA,NA,NA,NA
"10.1016/j.psychres.2024.115972",NA,NA,NA,NA,NA,NA,NA,NA
"10.1016/j.jaut.2024.103243",NA,NA,NA,NA,NA,NA,NA,NA
"10.1016/j.resuscitation.2024.110243",NA,NA,NA,NA,NA,NA,NA,NA
"10.1016/j.pnmrs.2024.05.002",NA,NA,NA,NA,NA,NA,NA,NA
"10.1016/j.dental.2024.05.014",NA,NA,NA,NA,NA,NA,NA,NA
"10.1016/j.dental.2024.05.025",NA,NA,NA,NA,NA,NA,NA,NA
"10.1016/j.ejso.2024.108421",NA,NA,NA,NA,NA,NA,NA,NA
"10.1016/j.ijrobp.2024.05.025",NA,NA,NA,NA,NA,NA,NA,NA
"10.1016/j.iccn.2024.103730",NA,NA,NA,NA,NA,NA,NA,NA
"10.1016/j.pediatrneurol.2024.05.020",NA,NA,NA,NA,NA,NA,NA,NA
"10.1016/j.msard.2024.105729",NA,NA,NA,NA,NA,NA,NA,NA
"10.1016/j.wneu.2024.06.008",NA,NA,NA,NA,NA,NA,NA,NA
"10.1016/j.legalmed.2024.102474",NA,NA,NA,NA,NA,NA,NA,NA
"10.1016/j.jmbbm.2024.106636",NA,NA,NA,NA,NA,NA,NA,NA
"10.1016/j.lfs.2024.122841",NA,NA,NA,NA,NA,NA,NA,NA
"10.1016/j.jcrc.2024.154846",NA,NA,NA,NA,NA,NA,NA,NA
"10.1016/j.jcrc.2024.154853",NA,NA,NA,NA,NA,NA,NA,NA
"10.1016/j.msard.2024.105749",NA,NA,NA,NA,NA,NA,NA,NA
"10.1016/j.vaccine.2024.06.061",NA,NA,NA,NA,NA,NA,NA,NA
"10.1016/j.preghy.2024.101140",NA,NA,NA,NA,NA,NA,NA,NA
"10.1016/j.jaip.2024.06.040",NA,NA,NA,NA,NA,NA,NA,NA
"10.1016/j.actbio.2024.07.005",NA,NA,NA,NA,NA,NA,NA,NA
"10.1016/j.bja.2024.05.034",NA,NA,NA,NA,NA,NA,NA,NA
"10.1016/j.jcin.2024.05.037",NA,NA,NA,NA,NA,NA,NA,NA
"10.1016/j.jse.2024.05.039",NA,NA,NA,NA,NA,NA,NA,NA
"10.1016/j.zefq.2024.06.002",NA,NA,NA,NA,NA,NA,NA,NA
"10.1016/j.ajt.2024.07.016",NA,NA,NA,NA,NA,NA,NA,NA
"10.1016/j.schres.2024.07.021",NA,NA,NA,NA,NA,NA,NA,NA
"10.1016/j.bpsc.2024.07.021",NA,NA,NA,NA,NA,NA,NA,NA
"10.1016/j.radonc.2024.110444",NA,NA,NA,NA,NA,NA,NA,NA
"10.1016/j.jns.2024.123157",NA,NA,NA,NA,NA,NA,NA,NA
"10.1016/j.kint.2024.07.014",NA,NA,1999.13,NA,NA,NA,NA,NA
"10.1016/j.compbiomed.2024.108941",NA,NA,NA,NA,NA,NA,NA,NA
"10.1016/j.jvoice.2024.06.016",NA,NA,NA,NA,NA,NA,NA,NA
"10.1016/j.jaac.2024.07.920",NA,NA,NA,NA,NA,NA,NA,NA
"10.1016/j.jtcvs.2024.08.005",NA,NA,NA,NA,NA,NA,NA,NA
"10.1016/j.mri.2024.110220",NA,NA,NA,NA,NA,NA,NA,NA
"10.1016/j.semarthrit.2024.152535",NA,NA,NA,NA,NA,NA,NA,NA
"10.1016/j.jcms.2024.08.012",NA,NA,NA,NA,NA,NA,NA,NA
"10.1016/j.ejca.2024.114292",NA,NA,NA,NA,NA,NA,NA,NA
"10.1016/j.jaip.2024.08.036",NA,NA,NA,NA,NA,NA,NA,NA
"10.1016/j.metabol.2024.156015",NA,NA,NA,NA,NA,NA,NA,NA
"10.1016/j.jmbbm.2024.106711",NA,NA,NA,NA,NA,NA,NA,NA
"10.1016/j.ijmedinf.2024.105611",NA,NA,NA,NA,NA,NA,NA,NA
"10.1016/j.gde.2024.102257",NA,NA,NA,NA,NA,NA,NA,NA
"10.1016/j.jaip.2024.09.001",NA,NA,NA,NA,NA,NA,NA,NA
"10.1016/j.canep.2024.102658",NA,NA,NA,NA,NA,NA,NA,NA
"10.1016/j.autrev.2024.103638",NA,NA,NA,NA,NA,NA,NA,NA
"10.1016/j.nlm.2024.107986",NA,NA,NA,NA,NA,NA,NA,NA
"10.1016/j.jmbbm.2024.106746",NA,NA,NA,NA,NA,NA,NA,NA
"10.1016/j.jpeds.2024.114302",NA,NA,NA,NA,NA,NA,NA,NA
"10.1016/j.ajt.2024.09.016",NA,NA,NA,NA,NA,NA,NA,NA
"10.1016/j.concog.2024.103762",NA,NA,NA,NA,NA,NA,NA,NA
"10.1016/j.jmbbm.2024.106745",NA,NA,NA,NA,NA,NA,NA,NA
"10.1016/j.clinph.2024.09.014",NA,NA,NA,NA,NA,NA,NA,NA
"10.1016/j.jflm.2024.102763",NA,NA,NA,NA,NA,NA,NA,NA
"10.1016/j.compbiomed.2024.109154",NA,NA,NA,NA,NA,NA,NA,NA
"10.1053/j.gastro.2024.09.021",NA,NA,NA,NA,NA,NA,NA,NA
"10.1016/j.neurol.2024.08.006",NA,NA,NA,NA,NA,NA,NA,NA
"10.1016/j.ijmedinf.2024.105646",NA,NA,NA,NA,NA,NA,NA,NA
"10.1016/j.jdent.2024.105391",NA,NA,NA,NA,NA,NA,NA,NA
"10.1016/j.bbalip.2024.159569",NA,NA,NA,NA,NA,NA,NA,NA
"10.1016/j.jnutbio.2024.109776",NA,NA,NA,NA,NA,NA,NA,NA
"10.1016/j.gim.2024.101292",NA,NA,NA,NA,NA,NA,NA,NA
"10.1016/j.jaip.2024.10.011",NA,NA,NA,NA,NA,NA,NA,NA
"10.1016/j.kint.2024.05.012",NA,NA,NA,NA,NA,NA,NA,NA
"10.1016/j.bone.2024.117288",NA,NA,NA,NA,NA,NA,NA,NA
"10.1016/j.clineuro.2024.108613",NA,NA,NA,NA,NA,NA,NA,NA
"10.1016/j.jse.2024.08.040",NA,NA,NA,NA,NA,NA,NA,NA
"10.1016/j.jchf.2024.08.020",NA,NA,NA,NA,NA,NA,NA,NA
"10.1016/j.compbiomed.2024.109244",NA,NA,NA,NA,NA,NA,NA,NA
"10.1016/j.jdent.2024.104832",NA,NA,NA,NA,NA,NA,NA,NA
"10.1016/j.forsciint.2024.112270",NA,NA,NA,NA,NA,NA,NA,NA
"10.1016/j.leukres.2024.107599",NA,NA,NA,NA,NA,NA,NA,NA
"10.1016/j.mhpa.2024.100579",NA,NA,NA,NA,NA,NA,NA,NA
"10.1016/j.ijrobp.2024.10.034",NA,NA,NA,NA,NA,NA,NA,NA
"10.1016/j.ejca.2024.115100",NA,NA,NA,NA,NA,NA,NA,NA
"10.1016/j.jid.2024.10.593",NA,NA,NA,NA,NA,NA,NA,NA
"10.1016/j.wneu.2024.09.140",NA,NA,NA,NA,NA,NA,NA,NA
"10.1016/j.foodqual.2024.105354",NA,NA,NA,NA,NA,NA,NA,NA
"10.1016/j.legalmed.2024.102547",NA,NA,NA,NA,NA,NA,NA,NA
"10.1016/j.psyneuen.2024.107232",NA,NA,NA,NA,NA,NA,NA,NA
"10.1016/j.ijmedinf.2024.105690",NA,NA,NA,NA,NA,NA,NA,NA
"10.1016/j.jad.2024.10.103",NA,NA,NA,NA,NA,NA,NA,NA
"10.1016/j.jpsychires.2024.10.018",NA,NA,NA,NA,NA,NA,NA,NA
"10.1016/j.jpsychires.2024.11.009",NA,NA,NA,NA,NA,NA,NA,NA
"10.1016/j.jclinepi.2024.111592",NA,NA,NA,NA,NA,NA,NA,NA
"10.1016/j.cgh.2024.10.008",NA,NA,NA,NA,NA,NA,NA,NA
"10.1016/j.burns.2024.107314",NA,NA,NA,NA,NA,NA,NA,NA
"10.1016/j.ijmedinf.2024.105679",NA,NA,NA,NA,NA,NA,NA,NA
"10.1016/j.freeradbiomed.2024.11.026",NA,NA,NA,NA,NA,NA,NA,NA
"10.1016/j.jtcvs.2024.11.008",NA,NA,NA,NA,NA,NA,NA,NA
"10.1016/j.expneurol.2024.115047",NA,NA,NA,NA,NA,NA,NA,NA
"10.1016/j.jpsychires.2024.11.032",NA,NA,NA,NA,NA,NA,NA,NA
"10.1016/j.radonc.2024.110652",NA,NA,NA,NA,NA,NA,NA,NA
"10.1016/j.earlhumdev.2024.106154",NA,NA,NA,NA,NA,NA,NA,NA
"10.1016/j.jaip.2024.11.021",NA,NA,NA,NA,NA,NA,NA,NA
"10.1016/j.jaac.2024.07.932",NA,NA,NA,NA,NA,NA,NA,NA
"10.1016/j.oret.2024.11.018",NA,NA,NA,NA,NA,NA,NA,NA
"10.1016/j.echo.2024.11.009",NA,NA,NA,NA,NA,NA,NA,NA
"10.1016/j.actbio.2024.12.029",NA,NA,NA,NA,NA,NA,NA,NA
"10.1016/j.jaci.2024.11.036",NA,NA,NA,NA,NA,NA,NA,NA
"10.1016/j.jcms.2024.11.021",NA,NA,NA,NA,NA,NA,NA,NA
"10.1016/j.urolonc.2024.11.021",NA,NA,NA,NA,NA,NA,NA,NA
"10.1016/j.apmr.2024.12.007",NA,NA,NA,NA,NA,NA,NA,NA
"10.1016/j.micinf.2024.105403",NA,NA,NA,NA,NA,NA,NA,NA
"10.1016/j.schres.2024.12.005",NA,NA,NA,NA,NA,NA,NA,NA
"10.1016/j.jclinepi.2024.111640",NA,NA,NA,NA,NA,NA,NA,NA
"10.1016/j.ejrad.2024.111897",NA,NA,NA,NA,NA,NA,NA,NA
"10.1016/j.tem.2024.03.004",NA,NA,NA,NA,NA,NA,NA,NA
"10.1016/j.tips.2024.04.003",NA,NA,NA,NA,NA,NA,NA,NA
"10.1016/j.cmet.2024.05.003",NA,NA,NA,NA,NA,NA,NA,NA
"10.1016/j.bpj.2024.07.007",NA,NA,NA,NA,NA,NA,NA,NA
"10.1016/s0140-6736(24)00852-3",NA,NA,NA,NA,NA,NA,NA,NA
"10.1016/j.cub.2024.06.073",NA,NA,NA,NA,NA,NA,NA,NA
"10.1016/j.cmet.2024.06.013",NA,NA,NA,NA,NA,NA,NA,NA
"10.1016/j.it.2024.09.007",NA,NA,NA,NA,NA,NA,NA,NA
"10.1016/s1473-3099(24)00581-4",NA,NA,NA,NA,NA,NA,NA,NA
"10.1016/j.medj.2024.11.001",NA,NA,NA,NA,NA,NA,NA,NA
"10.1016/j.tem.2024.11.012",NA,NA,NA,NA,NA,NA,NA,NA
"10.1016/j.ijcard.2024.131894",NA,NA,NA,NA,NA,NA,NA,NA
"10.1016/j.bpg.2024.101927",NA,NA,NA,NA,NA,NA,NA,NA
"10.1016/j.bbi.2024.08.017",NA,NA,NA,NA,NA,NA,NA,NA
"10.1016/j.jhin.2024.07.021",NA,NA,NA,NA,NA,NA,NA,NA
"10.1021/acs.jcim.4c00905",NA,NA,NA,NA,NA,NA,NA,NA
"10.1021/acsbiomaterials.4c00602",NA,NA,NA,NA,NA,NA,NA,NA
"10.1021/acs.jproteome.3c00596",NA,NA,NA,NA,NA,NA,NA,NA
"10.1021/acs.nanolett.4c04004",NA,NA,NA,NA,NA,NA,NA,NA
"10.1136/jnis-2024-022078",NA,NA,NA,NA,NA,NA,NA,NA
"10.1136/bmjqs-2023-016979",NA,NA,NA,NA,NA,NA,NA,NA
"10.1136/ard-2024-225759",NA,NA,NA,NA,NA,NA,NA,NA
"10.1017/s0033291724003404",NA,NA,NA,NA,NA,NA,NA,NA
"10.1017/s0033291724003179",NA,NA,NA,NA,NA,NA,NA,NA
"10.1017/s1092852924000476",NA,NA,NA,NA,NA,NA,NA,NA
"10.1192/bjp.2024.125",NA,NA,NA,NA,NA,NA,NA,NA
"10.1017/s003329172400093x",NA,NA,NA,NA,NA,NA,NA,NA
"10.1192/bjo.2024.754",NA,NA,NA,NA,NA,NA,NA,NA
"10.1192/j.eurpsy.2024.1754",NA,NA,NA,NA,NA,NA,NA,NA
"10.1024/0939-5911/a000853",NA,NA,NA,NA,NA,NA,NA,NA
"10.1027/1015-5759/a000863",NA,NA,NA,NA,NA,NA,NA,NA
"10.1177/10668969241229342",NA,NA,NA,NA,NA,NA,NA,NA
"10.1177/00220345241235606",NA,NA,NA,NA,NA,NA,NA,NA
"10.1177/03635465241248819",NA,NA,NA,NA,NA,NA,NA,NA
"10.1177/0271678x241254718",NA,NA,NA,NA,NA,NA,NA,NA
"10.1177/15266028241255533",NA,NA,NA,NA,NA,NA,NA,NA
"10.1177/02698811241249698",NA,NA,NA,NA,NA,NA,NA,NA
"10.1177/02698811241260972",NA,NA,NA,NA,NA,NA,NA,NA
"10.1177/0271678x241275760",NA,NA,NA,NA,NA,NA,NA,NA
"10.1177/00236772241271028",NA,NA,NA,NA,NA,NA,NA,NA
"10.1177/10556656241298430",NA,NA,NA,NA,NA,NA,NA,NA
"10.1177/03057356241307570",NA,NA,NA,NA,NA,NA,NA,NA
"10.1080/20008066.2024.2431368",NA,NA,NA,NA,NA,NA,NA,NA
"10.1080/02656736.2024.2342348",NA,NA,NA,NA,NA,NA,NA,NA
"10.1080/14767058.2024.2354382",NA,NA,NA,NA,NA,NA,NA,NA
"10.1080/19490976.2024.2398126",NA,NA,NA,NA,NA,NA,NA,NA
"10.1080/2162402x.2024.2406052",NA,NA,NA,NA,NA,NA,NA,NA
"10.1080/16549716.2024.2408884",NA,NA,NA,NA,NA,NA,NA,NA
"10.1080/20008066.2024.2411887",NA,NA,NA,NA,NA,NA,NA,NA
"10.1080/08870446.2024.2302486",NA,NA,NA,NA,NA,NA,NA,NA
"10.1080/00207454.2024.2312991",NA,NA,NA,NA,NA,NA,NA,NA
"10.1080/10503307.2024.2316009",NA,NA,NA,NA,NA,NA,NA,NA
"10.1080/14712598.2024.2321360",NA,NA,NA,NA,NA,NA,NA,NA
"10.1080/09273948.2024.2329318",NA,NA,NA,NA,NA,NA,NA,NA
"10.1080/14656566.2024.2345731",NA,NA,NA,NA,NA,NA,NA,NA
"10.1080/07317115.2024.2353702",NA,NA,NA,NA,NA,NA,NA,NA
"10.1080/1354750x.2024.2361074",NA,NA,NA,NA,NA,NA,NA,NA
"10.1080/14656566.2024.2374463",NA,NA,NA,NA,NA,NA,NA,NA
"10.1080/21678421.2024.2401131",NA,NA,NA,NA,NA,NA,NA,NA
"10.1080/0142159x.2024.2362896",NA,NA,NA,NA,NA,NA,NA,NA
"10.1080/0142159x.2024.2351137",NA,NA,NA,NA,NA,NA,NA,NA
"10.1111/jcmm.18126",NA,NA,NA,NA,NA,NA,NA,NA
"10.1002/alz.13749",NA,NA,NA,NA,NA,NA,NA,NA
"10.1161/jaha.123.033439",NA,NA,NA,NA,NA,NA,NA,NA
"10.1002/hsr2.1985",NA,NA,NA,NA,NA,NA,NA,NA
"10.1002/cnr2.2070",NA,NA,NA,NA,NA,NA,NA,NA
"10.1111/aogs.14857",NA,NA,NA,NA,NA,NA,NA,NA
"10.1111/aogs.14855",NA,NA,NA,NA,NA,NA,NA,NA
"10.1155/2024/5728998",NA,NA,NA,NA,NA,NA,NA,NA
"10.1111/ene.16379",NA,NA,NA,NA,NA,NA,NA,NA
"10.1002/ehf2.14917",NA,NA,NA,NA,NA,NA,NA,NA
"10.1111/iwj.14957",NA,NA,NA,NA,NA,NA,NA,NA
"10.1111/ene.16403",NA,NA,NA,NA,NA,NA,NA,NA
"10.1155/2024/9543897",NA,NA,NA,NA,NA,NA,NA,NA
"10.1002/cam4.70008",NA,NA,NA,NA,NA,NA,NA,NA
"10.1002/bco2.431",NA,NA,NA,NA,NA,NA,NA,NA
"10.1111/ene.16437",NA,NA,NA,NA,NA,NA,NA,NA
"10.1111/iwj.70036",NA,NA,NA,NA,NA,NA,NA,NA
"10.1002/cam4.70348",NA,NA,NA,NA,NA,NA,NA,NA
"10.1155/2024/9439134",NA,NA,NA,NA,NA,NA,NA,NA
"10.1002/hbm.70076",NA,NA,NA,NA,NA,NA,NA,NA
"10.1002/cam4.70347",NA,NA,NA,NA,NA,NA,NA,NA
"10.1002/hsr2.70261",NA,NA,NA,NA,NA,NA,NA,NA
"10.1002/jcsm.13599",NA,NA,NA,NA,NA,NA,NA,NA
"10.1002/advs.202412010",NA,NA,NA,NA,NA,NA,NA,NA
"10.1111/ene.16160",NA,NA,NA,NA,NA,NA,NA,NA
"10.1111/jdv.19637",NA,NA,NA,NA,NA,NA,NA,NA
